"repository","repositoryRoot","status","path","sizeBytes","sha256","classification","sensitivityFlags"
"production-backend","C:\DevProjects\f-freedom-stable\backend"," M","src/services/read/orbitQueryService.js","75226","5927eeda7570f7f0fa6ded2e1069840fdaeeeda3bf681bc50e927e5555ccc086","production-runtime-change-review","System.Object[]"
"production-backend","C:\DevProjects\f-freedom-stable\backend"," M","src/services/snapshots/orbitLevelSnapshotBuilder.js","24883","8b5565ca2c35022d377fe871e59b229fbc226e74c026e315a4f4801299a682d8","production-runtime-change-review","System.Object[]"
"production-backend","C:\DevProjects\f-freedom-stable\backend","??",".tmp-mongo/mongod.log","0","e3b0c44298fc1c149afbf4c8996fb92427ae41e4649b934ca495991b7852b855","generated-delete-candidate","System.Object[]"
"production-backend","C:\DevProjects\f-freedom-stable\backend","??","migration-audits/wallet-migration-inventory-91313968.json","249209","95e3e28603751a3906425c3e14eeeacdc1772ff17463565c6213cefd94dd14a9","manual-review","System.Object[]"
"production-backend","C:\DevProjects\f-freedom-stable\backend","??","migration-audits/wallet-replacement-descendant-edges-91313968.json","26284","02fac291470472bda2b6438b2f8dddb21b30e4dfc83f8cfec612453f4351fd25","manual-review","System.Object[]"
"production-backend","C:\DevProjects\f-freedom-stable\backend","??","scripts/auditInactiveLevelEarnings.tmp.js","4593","459dbd120cd75260a9de730203d6e5aafa50fdc6f128d0e39fac5aac194c859b","temporary-diagnostic-review","System.Object[]"
"production-backend","C:\DevProjects\f-freedom-stable\backend","??","scripts/auditPostWalletMigrationActivity.tmp.js","3470","2b597b04bcffafdbfaae400dca7ea315a8117b432443a78cfb780132d6ba2479","temporary-diagnostic-review","System.Object[]"
"production-backend","C:\DevProjects\f-freedom-stable\backend","??","scripts/auditProductionReadConsistency.tmp.js","8659","c30c4053624223863f0195882317e5fd53829987d0b747aa2b6d088260682cb9","temporary-diagnostic-review","System.Object[]"
"production-backend","C:\DevProjects\f-freedom-stable\backend","??","scripts/auditProductionRecycleMechanism.tmp.js","2553","31dde7fbfe06d6e4ead95d937ac90640c5c06ad57199392b3baa3e72c78dcff6","temporary-diagnostic-review","System.Object[]"
"production-backend","C:\DevProjects\f-freedom-stable\backend","??","scripts/auditWalletMigrationInventory.tmp.js","9741","3020f4035bd478ac863f8c6458549a8775380b32520feb1f89bb2d88cbd1d3db","temporary-diagnostic-review","System.Object[]"
"production-backend","C:\DevProjects\f-freedom-stable\backend","??","scripts/auditWalletReplacementDatabaseImpact.tmp.js","2814","7998ffb30cb7327ade63bc2c59371050e0fce2972c303991c9da9d6e1b2f1cee","temporary-diagnostic-review","System.Object[]"
"production-backend","C:\DevProjects\f-freedom-stable\backend","??","scripts/buildProductionMatrixParentLedger.tmp.js","5777","177b840c87ae59876c95209eef2dd5a104d3955ad670b8c3743a961cc6d18a04","temporary-diagnostic-review","System.Object[]"
"production-backend","C:\DevProjects\f-freedom-stable\backend","??","scripts/classifyProductionRecycleBoundaries.tmp.js","3035","9c34a1f71bc42b8f1ace3ff352766e47bc9828b83d1d2ab6aa7bdc80f677d06e","temporary-diagnostic-review","System.Object[]"
"production-backend","C:\DevProjects\f-freedom-stable\backend","??","scripts/exportWalletReplacementDescendantEdges.tmp.js","2051","efad155fce4499950ea6e7a82605e897a7e5afd2f98496d7a0e04386be840df6","temporary-diagnostic-review","System.Object[]"
"production-backend","C:\DevProjects\f-freedom-stable\backend","??","scripts/exportWalletReplacementOrbitKeys.tmp.js","2359","2a164500963ff221f1cff5b43b1b0472fec3a04f28a4c74d0749ac7f466f82cf","temporary-diagnostic-review","System.Object[]"
"production-backend","C:\DevProjects\f-freedom-stable\backend","??","scripts/inspectC054Earnings.tmp.js","2587","7829d3c7aa4a0685aa54dc8f023b72005390bc65f452f55655d60de2ec109695","temporary-diagnostic-review","System.Object[]"
"production-backend","C:\DevProjects\f-freedom-stable\backend","??","scripts/inspectProductionUpgradeInventory.tmp.js","8930","e92812a50902091d2f8410e05f6810201496fee06288e6c5fec04074b3b56956","temporary-diagnostic-review","System.Object[]"
"production-backend","C:\DevProjects\f-freedom-stable\backend","??","scripts/migrateProductionWalletIdentities.tmp.js","6935","4ac8e3260df59d36fa04f56d3cb78e4696ba76181a4198f9aa8c4679b8c75e01","temporary-diagnostic-review","System.Object[]"
"production-backend","C:\DevProjects\f-freedom-stable\backend","??","scripts/rollbackProductionWalletIdentities.tmp.js","1850","dbf87b92751fdf1cd172dc7b980cae1ff74d62cb40058c7741eda23a5a3c7fec","temporary-diagnostic-review","System.Object[]"
"production-backend","C:\DevProjects\f-freedom-stable\backend","??","scripts/verifyC054HistoricalPayouts.tmp.js","2100","d1bd24094e685b11c3bc96acb2d83193f06e2780cd905532fb946ddcc8ebaca1","temporary-diagnostic-review","System.Object[]"
"production-backend","C:\DevProjects\f-freedom-stable\backend","??","scripts/verifyInactiveLevelSuspectsOnChain.tmp.js","2865","0e92ebd9da0202d64a60c8ff34994a6453b94f9281acc96a8565e6f7d022d38b","temporary-diagnostic-review","System.Object[]"
"production-backend","C:\DevProjects\f-freedom-stable\backend","??","scripts/verifyWalletReplacementDatabasePostState.tmp.js","4104","26d71fe74c2302ee03e1644575963cca1329705147c90d8075352aa8e92a2897","temporary-diagnostic-review","System.Object[]"
"production-backend","C:\DevProjects\f-freedom-stable\backend","??","scripts/verifyWalletReplacementDatabaseProjection.tmp.js","5394","23b24a076c31d114db86c186f5ad2898f7c61c0315e246d6b1e561f965798f06","temporary-diagnostic-review","System.Object[]"
"production-backend","C:\DevProjects\f-freedom-stable\backend","??","scripts/verifyWalletReplacementOrbitSnapshotWindow.tmp.js","1948","daee4e43e34a54ef28d13f823a366e7713eee8ba42cd2e8aad62b140cdc9d69f","temporary-diagnostic-review","System.Object[]"
"production-backend","C:\DevProjects\f-freedom-stable\backend","??","src/models/WalletIdentityAlias.js","851","1c988f30c9ed3a08fca117a39c84c9297c876d02b89f196eeb38a7746c87b17e","production-migration-source-review","System.Object[]"
"production-frontend","C:\DevProjects\f-freedom-stable\Fin-Freedom-Web2 - Copy","??","docs/Fin-Freedom-Network-Video-Package.zip","1703122","1de435b46e1ca87417efa8a07ee880861ab2ec3d2ea47455c2949a851df4536e","shared-documentation","System.Object[]"
"production-frontend","C:\DevProjects\f-freedom-stable\Fin-Freedom-Web2 - Copy","??","docs/video-production/BRAND_AND_ORBIT_GUIDE.md","11380","fbaf4405a781f8e04d01bd7862c32cb6229d4bf946b2d7be446a4dbd54c21b3f","shared-documentation","System.Object[]"
"production-frontend","C:\DevProjects\f-freedom-stable\Fin-Freedom-Web2 - Copy","??","docs/video-production/ORBIT_DIAGRAMS.preview.png","140319","e2226611ac1ad343b682a648a2aa07191a93d70406e7dc503d3395699ec69b23","shared-documentation","System.Object[]"
"production-frontend","C:\DevProjects\f-freedom-stable\Fin-Freedom-Web2 - Copy","??","docs/video-production/ORBIT_DIAGRAMS.svg","10673","bca27039b5a5d363b653a0cc3e73541510d8230be91b2f409f03691845da0039","shared-documentation","System.Object[]"
"production-frontend","C:\DevProjects\f-freedom-stable\Fin-Freedom-Web2 - Copy","??","docs/video-production/ORBIT_RADIAL_DIAGRAM.png","276206","f27ec3f70b3ec2ae95308bcb65b6b705cc2f80b31dc0005e56ec6cf220599362","shared-documentation","System.Object[]"
"production-frontend","C:\DevProjects\f-freedom-stable\Fin-Freedom-Web2 - Copy","??","docs/video-production/ORBIT_RADIAL_DIAGRAM.svg","14830","32da68ba261ff944b24635804793516a113ac55df7bb0d01d2524636257ed6b0","shared-documentation","System.Object[]"
"production-frontend","C:\DevProjects\f-freedom-stable\Fin-Freedom-Web2 - Copy","??","docs/video-production/README.md","1086","63590b885402dd3eccfbecc1f7ef5b30d4dde983ab2e3c03c6ecd82de9409366","shared-documentation","System.Object[]"
"production-frontend","C:\DevProjects\f-freedom-stable\Fin-Freedom-Web2 - Copy","??","docs/video-production/VIDEO_STORYBOARD.md","5770","06a2648228396bc087d8a16061868d716c261b0ea2b023746b854ed3cee9c28d","shared-documentation","System.Object[]"
"production-frontend","C:\DevProjects\f-freedom-stable\Fin-Freedom-Web2 - Copy","??","docs/video-production/assets/official_logo_dark.png","295332","3e1ee24b943c403d0708d3fb842ab31b697d9d078cb567cbb26be0795e755bc9","shared-documentation","System.Object[]"
"production-frontend","C:\DevProjects\f-freedom-stable\Fin-Freedom-Web2 - Copy","??","docs/video-production/assets/official_logo_light.png","231165","28f9e36217e303d731d2db943f5f63e2ff05182de4158efa821de2a407a0e6b8","shared-documentation","System.Object[]"
"production-frontend","C:\DevProjects\f-freedom-stable\Fin-Freedom-Web2 - Copy","??","docs/video-production/assets/title_bar_logo.png","789068","e86674ad3d296d0876378f805e9d18df8536d1367fcc01bb0086db7454bf1be8","shared-documentation","System.Object[]"
"production-frontend","C:\DevProjects\f-freedom-stable\Fin-Freedom-Web2 - Copy","??","tmp-production-build/assets/images/security-hero-image.png","353178","06954e31669792e986a36d6c23799b0e9cc52aad3d893bee334cd614fc029de3","generated-delete-candidate","System.Object[]"
"production-frontend","C:\DevProjects\f-freedom-stable\Fin-Freedom-Web2 - Copy","??","tmp-production-build/assets/images/support-country-1.png","1332142","a804bcf67859b6de5dda01fee2e47b1ebd72eb734216540a70d8732873a56ec8","generated-delete-candidate","System.Object[]"
"production-frontend","C:\DevProjects\f-freedom-stable\Fin-Freedom-Web2 - Copy","??","tmp-production-build/assets/images/support-country-2.png","1369901","85316c8b827ae54f3da9ebf1451c48bc6e7b0874357172f374fa71a02d1febae","generated-delete-candidate","System.Object[]"
"production-frontend","C:\DevProjects\f-freedom-stable\Fin-Freedom-Web2 - Copy","??","tmp-production-build/assets/images/support-country-3.png","1352574","c1eedcb7955b559eb8a3ee9a4536b633855282d0445114047846fb7d27a83bd1","generated-delete-candidate","System.Object[]"
"production-frontend","C:\DevProjects\f-freedom-stable\Fin-Freedom-Web2 - Copy","??","tmp-production-build/assets/images/support-country-4.png","1347968","9f382e74139b24cbb0eb5602f2f56dcca2f70b7c2aa879ed623fec6782a6b3d9","generated-delete-candidate","System.Object[]"
"production-frontend","C:\DevProjects\f-freedom-stable\Fin-Freedom-Web2 - Copy","??","tmp-production-build/assets/images/support-country-5.png","1350129","c24882647df7d8667bfcd31a3ffb28d72f18a688aa737e17ee73ddd5b58964e6","generated-delete-candidate","System.Object[]"
"production-frontend","C:\DevProjects\f-freedom-stable\Fin-Freedom-Web2 - Copy","??","tmp-production-build/assets/images/support-country-6.png","1374864","bfe91b9216c61dec493747adb88a9fb5725ba519bcecb804ff4652ac509d89ff","generated-delete-candidate","System.Object[]"
"production-frontend","C:\DevProjects\f-freedom-stable\Fin-Freedom-Web2 - Copy","??","tmp-production-build/assets/images/support-country-7.png","1379500","3f72b69a4842708752d161de55af3e843b07221281c06b576776ec92b5ac1ec8","generated-delete-candidate","System.Object[]"
"production-frontend","C:\DevProjects\f-freedom-stable\Fin-Freedom-Web2 - Copy","??","tmp-production-build/assets/images/support-country-8.png","1368526","4602b0fffea556fdecc3c91e3cec3651171715063cd6fd25db3760eb7aa5e14e","generated-delete-candidate","System.Object[]"
"production-frontend","C:\DevProjects\f-freedom-stable\Fin-Freedom-Web2 - Copy","??","tmp-production-build/assets/images/support-country-9.png","1398963","9b434f067f3065c6312f5f6f5fe6713b4bf3f27d65ab811f3a39bbfca93adac1","generated-delete-candidate","System.Object[]"
"production-frontend","C:\DevProjects\f-freedom-stable\Fin-Freedom-Web2 - Copy","??","tmp-production-build/assets/images/support-hero-image.png","224425","a420653d359579a9142b43df71bbbdbf09ac1c4dbf5e1347725b4d8c8c0d464c","generated-delete-candidate","System.Object[]"
"production-frontend","C:\DevProjects\f-freedom-stable\Fin-Freedom-Web2 - Copy","??","tmp-production-build/assets/index-CP6r5tPx.js","3668125","2c849499b4eee1c2e71fc47863cbf92e21a85b01e2aecfde8ecd708d68be15b9","generated-delete-candidate","System.Object[]"
"production-frontend","C:\DevProjects\f-freedom-stable\Fin-Freedom-Web2 - Copy","??","tmp-production-build/assets/index-DyQDpYpP.css","747494","8970039367724d0722d2bd881c95105fcdeeb891c6d48204f26154d742ed1af5","generated-delete-candidate","System.Object[]"
"production-frontend","C:\DevProjects\f-freedom-stable\Fin-Freedom-Web2 - Copy","??","tmp-production-build/assets/p12-image.png","50581","33dc59612029e848d271e8832a20d475998db27b95cffd20a8f229b0b2295039","generated-delete-candidate","System.Object[]"
"production-frontend","C:\DevProjects\f-freedom-stable\Fin-Freedom-Web2 - Copy","??","tmp-production-build/assets/p39-image.png","73824","5d2056f17ad629e90ca62124c6690f8d0427cb322a206e92ba3dc1d1e9344d76","generated-delete-candidate","System.Object[]"
"production-frontend","C:\DevProjects\f-freedom-stable\Fin-Freedom-Web2 - Copy","??","tmp-production-build/assets/p4-image.png","30259","29699de16915de35d9df55fbb3f45a3e62765f9114b74e313593bdcafa98498a","generated-delete-candidate","System.Object[]"
"production-frontend","C:\DevProjects\f-freedom-stable\Fin-Freedom-Web2 - Copy","??","tmp-production-build/assets/router-C8xFxfAF.js","36128","0c054454d20412174ca0d60af0a3c91a613911937c69b9c6f17baf2e3d8d1336","generated-delete-candidate","System.Object[]"
"production-frontend","C:\DevProjects\f-freedom-stable\Fin-Freedom-Web2 - Copy","??","tmp-production-build/assets/ui-DoYiPK4R.js","49745","7698fe9823e1cf2a8d6000e7be0256c197f902962c9abc4145cbf3750fd17197","generated-delete-candidate","System.Object[]"
"production-frontend","C:\DevProjects\f-freedom-stable\Fin-Freedom-Web2 - Copy","??","tmp-production-build/assets/vendor-C-tmg_rb.js","1672126","5f14ed17beee0e4577fed5c7712b5a329ce93d47372d57b1aa724818c9182344","generated-delete-candidate","System.Object[]"
"production-frontend","C:\DevProjects\f-freedom-stable\Fin-Freedom-Web2 - Copy","??","tmp-production-build/assets/vendor-DBkz-poX.css","230850","a4d1460f4ebc981652526d0051a63643cacf0b26741fdd4a7f66eba8acbd7cf4","generated-delete-candidate","System.Object[]"
"production-frontend","C:\DevProjects\f-freedom-stable\Fin-Freedom-Web2 - Copy","??","tmp-production-build/assets/web3-DzFo9uy9.js","185003","22af1921e48d89790600692a9bb3f1f9722fdbce883dd8b0aa0893ece1cb962c","generated-delete-candidate","System.Object[]"
"production-frontend","C:\DevProjects\f-freedom-stable\Fin-Freedom-Web2 - Copy","??","tmp-production-build/chick/IMG_20260311_145134_406.jpg","147592","15134d0c6cccbd0c654f74543b1d16dca969d5860b9ad060a2420d1e34567d3c","generated-delete-candidate","System.Object[]"
"production-frontend","C:\DevProjects\f-freedom-stable\Fin-Freedom-Web2 - Copy","??","tmp-production-build/chick/IMG_20260311_145141_231.jpg","144571","e85abbf164a096a0538638ff89328bdef94ab42139b09e1091220b4492cf0547","generated-delete-candidate","System.Object[]"
"production-frontend","C:\DevProjects\f-freedom-stable\Fin-Freedom-Web2 - Copy","??","tmp-production-build/chick/IMG_20260311_145148_802.jpg","87401","17527b9317227f7624725b05185e57ad6a9b85481203859121804c39273ee29a","generated-delete-candidate","System.Object[]"
"production-frontend","C:\DevProjects\f-freedom-stable\Fin-Freedom-Web2 - Copy","??","tmp-production-build/chick/IMG_20260311_145153_544.jpg","36978","40ad00a47d274a2dd34feec9a3359d23dd4a18fb6cc5ff35b1bca6bd2257da48","generated-delete-candidate","System.Object[]"
"production-frontend","C:\DevProjects\f-freedom-stable\Fin-Freedom-Web2 - Copy","??","tmp-production-build/chick/IMG_20260311_145157_290.jpg","39945","5e7ee2247b06bef67e205bf94d28e9025f45b6c49d4b57d47ef9ad4325e18dbd","generated-delete-candidate","System.Object[]"
"production-frontend","C:\DevProjects\f-freedom-stable\Fin-Freedom-Web2 - Copy","??","tmp-production-build/chick/IMG_20260311_145202_399.jpg","43937","bd8d6416a38fb1fd48231d3bd6b05d056d809b93b5a80b464e36938f14404f00","generated-delete-candidate","System.Object[]"
"production-frontend","C:\DevProjects\f-freedom-stable\Fin-Freedom-Web2 - Copy","??","tmp-production-build/chick/IMG_20260311_145207_368.jpg","90248","129a954eda47305241fa4e6d370d4c545e30416688a41955869fcad7d5d83b00","generated-delete-candidate","System.Object[]"
"production-frontend","C:\DevProjects\f-freedom-stable\Fin-Freedom-Web2 - Copy","??","tmp-production-build/chick/IMG_20260311_145230_077.jpg","34173","8eb3688b24cad6fda9b328fec534c96dbe10e8bebd67e7e8cb94db7a1cc477a1","generated-delete-candidate","System.Object[]"
"production-frontend","C:\DevProjects\f-freedom-stable\Fin-Freedom-Web2 - Copy","??","tmp-production-build/chick/IMG_20260311_145238_060.jpg","88408","47f3676c5f3744fa8d20a3b685bbcc7d3e592b84865c970adfc7496dd137e437","generated-delete-candidate","System.Object[]"
"production-frontend","C:\DevProjects\f-freedom-stable\Fin-Freedom-Web2 - Copy","??","tmp-production-build/chick/IMG_20260311_145242_896.jpg","42330","e0551c088e15b5c521624ff32922f343d213964d5986b740d84de1a6478460d0","generated-delete-candidate","System.Object[]"
"production-frontend","C:\DevProjects\f-freedom-stable\Fin-Freedom-Web2 - Copy","??","tmp-production-build/chick/IMG_20260311_145246_204.jpg","40786","11aaacb5e14b7a23a869a90e582b71a01aeded5bcac5f4a008358f59a378feed","generated-delete-candidate","System.Object[]"
"production-frontend","C:\DevProjects\f-freedom-stable\Fin-Freedom-Web2 - Copy","??","tmp-production-build/chick/IMG_20260311_145251_232.jpg","55424","c6aa2d13f3d7e3d3c0e9f385f3c3707e67527190d579d8468d07156d8fae4894","generated-delete-candidate","System.Object[]"
"production-frontend","C:\DevProjects\f-freedom-stable\Fin-Freedom-Web2 - Copy","??","tmp-production-build/chick/burn-icon.png","3882","0a459674045e6fc8a8103d746226f433350facc26a81ab5a0b9bf7d17046f77b","generated-delete-candidate","System.Object[]"
"production-frontend","C:\DevProjects\f-freedom-stable\Fin-Freedom-Web2 - Copy","??","tmp-production-build/chick/clock-icon.png","5929","fd90917dd3a1de7686d01d0e337be3553ebcfd40948997631ce89ee25dc1f67e","generated-delete-candidate","System.Object[]"
"production-frontend","C:\DevProjects\f-freedom-stable\Fin-Freedom-Web2 - Copy","??","tmp-production-build/chick/details-icon.jpg","156245","9b725ca633c56a0d2a3ed67bb188f1540d456a123aad5350dd723a3df6c6ca6c","generated-delete-candidate","System.Object[]"
"production-frontend","C:\DevProjects\f-freedom-stable\Fin-Freedom-Web2 - Copy","??","tmp-production-build/chick/details-icon.png","3558","f3b6048101020733992dd997057c7dc89a96b1ac579f2d0ca69d2e3fa6c2c9f2","generated-delete-candidate","System.Object[]"
"production-frontend","C:\DevProjects\f-freedom-stable\Fin-Freedom-Web2 - Copy","??","tmp-production-build/chick/empty-icon.png","7594","5776485ca14611dcb42f474b791b160d4b0b29cb517d40b97d7299c2259e1971","generated-delete-candidate","System.Object[]"
"production-frontend","C:\DevProjects\f-freedom-stable\Fin-Freedom-Web2 - Copy","??","tmp-production-build/chick/error-icon.png","8529","2570cd8bb5effccca81e51464f3e018ba488b92edf869d7e2b75ebdbdaab3575","generated-delete-candidate","System.Object[]"
"production-frontend","C:\DevProjects\f-freedom-stable\Fin-Freedom-Web2 - Copy","??","tmp-production-build/chick/fgt-icon.png","32665","5e49cfc49bafffd770723d44944f7367e13f3b6182449113765abc57fd888e92","generated-delete-candidate","System.Object[]"
"production-frontend","C:\DevProjects\f-freedom-stable\Fin-Freedom-Web2 - Copy","??","tmp-production-build/chick/fgtr-icon.png","34714","520ac186d91e1f6e6719ae6cfd914a4ab0a9b0661fb98943b9cf90e1138c6c7f","generated-delete-candidate","System.Object[]"
"production-frontend","C:\DevProjects\f-freedom-stable\Fin-Freedom-Web2 - Copy","??","tmp-production-build/chick/fpt-icon.png","33294","4184716fbd8f94b3ec61c00851b2dbd43f50785db8fd4fe25aedb0323d7ce5e1","generated-delete-candidate","System.Object[]"
"production-frontend","C:\DevProjects\f-freedom-stable\Fin-Freedom-Web2 - Copy","??","tmp-production-build/chick/info-icon.png","11132","38d18badcfa5b97a484982de06ffd2c534dd8cca710dca9767d634568a05d5ae","generated-delete-candidate","System.Object[]"
"production-frontend","C:\DevProjects\f-freedom-stable\Fin-Freedom-Web2 - Copy","??","tmp-production-build/chick/learn-icon.png","3976","c1e2769e45b7bc448abcb29ac712a995433d38568fb17167d26961652be58abc","generated-delete-candidate","System.Object[]"
"production-frontend","C:\DevProjects\f-freedom-stable\Fin-Freedom-Web2 - Copy","??","tmp-production-build/chick/loading-icon.png","9934","260d9073965b4745863648a2acb9abcee8493d0ecddc9b38475e71c13c8782a8","generated-delete-candidate","System.Object[]"
"production-frontend","C:\DevProjects\f-freedom-stable\Fin-Freedom-Web2 - Copy","??","tmp-production-build/chick/lock-icon.png","6754","afceea95279d9e4199a23d3109915b489b5f8fe36e5f212058e7db659ae6dede","generated-delete-candidate","System.Object[]"
"production-frontend","C:\DevProjects\f-freedom-stable\Fin-Freedom-Web2 - Copy","??","tmp-production-build/chick/mint-icon.png","5479","6a379c7a8754b7de4b0d1be3c4cf35ec5a6af907eeb598c017aea39e7ee4d725","generated-delete-candidate","System.Object[]"
"production-frontend","C:\DevProjects\f-freedom-stable\Fin-Freedom-Web2 - Copy","??","tmp-production-build/chick/timeline-icon.png","6274","ca857919bcd9c335123e28098b2fb3664c5e5d095a6dbfcd46a0798ed59e8f7c","generated-delete-candidate","System.Object[]"
"production-frontend","C:\DevProjects\f-freedom-stable\Fin-Freedom-Web2 - Copy","??","tmp-production-build/chick/wallet-badge.png","4727","887a2b4c2f75ae5b159ed6544683f08d2551bcba0ccc6c6f56e38f9a9e013b4b","generated-delete-candidate","System.Object[]"
"production-frontend","C:\DevProjects\f-freedom-stable\Fin-Freedom-Web2 - Copy","??","tmp-production-build/chick/welcome-icon.jpg","122972","df45bd03d1bc29b3e9e956f9ae7696e3fe85b89bbcb43ea9a94bdfd41af0d666","generated-delete-candidate","System.Object[]"
"production-frontend","C:\DevProjects\f-freedom-stable\Fin-Freedom-Web2 - Copy","??","tmp-production-build/chick/welcome-icon.png","14425","3c4f34a500823149cfea21b949750c933675cd03413014ff4bb229380f2fa148","generated-delete-candidate","System.Object[]"
"production-frontend","C:\DevProjects\f-freedom-stable\Fin-Freedom-Web2 - Copy","??","tmp-production-build/docs/f-freedom-program.pdf","1906828","85fd364f1027e508f35e8b1afb3831252335cbe53c1934b1ef326c863b26f8a0","generated-delete-candidate","System.Object[]"
"production-frontend","C:\DevProjects\f-freedom-stable\Fin-Freedom-Web2 - Copy","??","tmp-production-build/docs/fin-freedom-overview.pdf","1965700","38657e6321bec872efdc529a40ee67ee789e46c76a23ff5173d778e09a363198","generated-delete-candidate","System.Object[]"
"production-frontend","C:\DevProjects\f-freedom-stable\Fin-Freedom-Web2 - Copy","??","tmp-production-build/docs/mobile-registration-guide.pdf","311668","305ad4f2b249a90f7a9ba38c61debc21aff74e75487fc4b4820b06b6f29c40a6","generated-delete-candidate","System.Object[]"
"production-frontend","C:\DevProjects\f-freedom-stable\Fin-Freedom-Web2 - Copy","??","tmp-production-build/images/about/core-values-dark.png","1636853","79db3f494604b2631ea61d38f54fa9248ac8377703c608d6d244ad721409b0f1","generated-delete-candidate","System.Object[]"
"production-frontend","C:\DevProjects\f-freedom-stable\Fin-Freedom-Web2 - Copy","??","tmp-production-build/images/about/core-values-light.png","1523466","f1d3c5edf7a07e37e2a4e1ed603673e30fd584cdf84a3ac8142d412736691101","generated-delete-candidate","System.Object[]"
"production-frontend","C:\DevProjects\f-freedom-stable\Fin-Freedom-Web2 - Copy","??","tmp-production-build/images/about/core-values-mobile-dark.png","1354300","8043e954f22828483b39fa7670440f6073321d8dd5b401dcc23d539b689e0ace","generated-delete-candidate","System.Object[]"
"production-frontend","C:\DevProjects\f-freedom-stable\Fin-Freedom-Web2 - Copy","??","tmp-production-build/images/about/core-values-mobile-light.png","1191896","a66f34987489a9cdf85e374fe59b87404993a958e1659b88c1e729b493fd6a9b","generated-delete-candidate","System.Object[]"
"production-frontend","C:\DevProjects\f-freedom-stable\Fin-Freedom-Web2 - Copy","??","tmp-production-build/images/about/our-commitment-dark.png","1764332","ba34a7db79186bc8ec1cd61fd5e3df7912798b744951a43308805a995e872246","generated-delete-candidate","System.Object[]"
"production-frontend","C:\DevProjects\f-freedom-stable\Fin-Freedom-Web2 - Copy","??","tmp-production-build/images/about/our-commitment-light.png","1508743","8d84b9091671b491ece1a3f334c5e978bb4abcab175dd702a14bb7121cc2fef4","generated-delete-candidate","System.Object[]"
"production-frontend","C:\DevProjects\f-freedom-stable\Fin-Freedom-Web2 - Copy","??","tmp-production-build/images/about/our-commitment-mobile-dark.png","1239478","1b60f7a33ce120b33266bc8e3b781ae1666a6006fa0d2015bdb60e1ca7708acd","generated-delete-candidate","System.Object[]"
"production-frontend","C:\DevProjects\f-freedom-stable\Fin-Freedom-Web2 - Copy","??","tmp-production-build/images/about/our-commitment-mobile-light.png","1114416","d310856e39c6f3e66a98442c274247adb22962533743203d87fff11680f1a2e4","generated-delete-candidate","System.Object[]"
"production-frontend","C:\DevProjects\f-freedom-stable\Fin-Freedom-Web2 - Copy","??","tmp-production-build/images/about/our-foundation-dark.png","1821361","dd0be997cb01eba5a23c351b1787698bcb9ffad5504552c101069d9e24467cb0","generated-delete-candidate","System.Object[]"
"production-frontend","C:\DevProjects\f-freedom-stable\Fin-Freedom-Web2 - Copy","??","tmp-production-build/images/about/our-foundation-light.png","1787131","85e421711711738bca7fd09a6993fdac1a9a48edec2c6f81eb6dab8bee230a8b","generated-delete-candidate","System.Object[]"
"production-frontend","C:\DevProjects\f-freedom-stable\Fin-Freedom-Web2 - Copy","??","tmp-production-build/images/about/our-foundation-mobile-dark.png","1622922","455ee246873baebb45230f4fce034f069a06127750ad2e401c977e18708decd4","generated-delete-candidate","System.Object[]"
"production-frontend","C:\DevProjects\f-freedom-stable\Fin-Freedom-Web2 - Copy","??","tmp-production-build/images/about/our-foundation-mobile-light.png","1278082","fa725d092707b47788760fd812122334e27503f6518cdf7d364a586c9fbb192d","generated-delete-candidate","System.Object[]"
"production-frontend","C:\DevProjects\f-freedom-stable\Fin-Freedom-Web2 - Copy","??","tmp-production-build/images/about/our-purpose-dark.png","2103891","d386e646ed76c42f7347fbf48578d94728f301ee716db97dbc918e7d24ef51ec","generated-delete-candidate","System.Object[]"
"production-frontend","C:\DevProjects\f-freedom-stable\Fin-Freedom-Web2 - Copy","??","tmp-production-build/images/about/our-purpose-light.png","2005696","b5d62bc21816c4ba496ab9b6f6ccaad18bcd506ab2ab525c6d142a258b19a2f4","generated-delete-candidate","System.Object[]"
"production-frontend","C:\DevProjects\f-freedom-stable\Fin-Freedom-Web2 - Copy","??","tmp-production-build/images/about/our-purpose-mobile-dark.png","1909274","a62b15ea1782efe09fa1f863ab525511eec76ffa4820acc1023e291bf263907f","generated-delete-candidate","System.Object[]"
"production-frontend","C:\DevProjects\f-freedom-stable\Fin-Freedom-Web2 - Copy","??","tmp-production-build/images/about/our-purpose-mobile-light.png","1859549","37ed3615f4488ae2d831c85b0f29cef6ac0de7d8866bf13da5d0ec0a105987d5","generated-delete-candidate","System.Object[]"
"production-frontend","C:\DevProjects\f-freedom-stable\Fin-Freedom-Web2 - Copy","??","tmp-production-build/images/about/together-dark.png","1774258","3e61b744f870ee53fd20832b7d320ac5138ce7a05f7709ec35475f2f1cf1d73d","generated-delete-candidate","System.Object[]"
"production-frontend","C:\DevProjects\f-freedom-stable\Fin-Freedom-Web2 - Copy","??","tmp-production-build/images/about/together-light.png","1522384","bf422fabaf38490ea523a2a043ab7bff30932926ed0b9fe1f023330635062d01","generated-delete-candidate","System.Object[]"
"production-frontend","C:\DevProjects\f-freedom-stable\Fin-Freedom-Web2 - Copy","??","tmp-production-build/images/about/together-mobile-dark.png","1568405","695a86fe97b5a744338f03ea95f46d7fb236042f51fd33938f3a9ce0dbc6894c","generated-delete-candidate","System.Object[]"
"production-frontend","C:\DevProjects\f-freedom-stable\Fin-Freedom-Web2 - Copy","??","tmp-production-build/images/about/together-mobile-light.png","1342836","21d1ba0d953555410f583e32fd540efbb4f9a5f61632cc37935b930e50c4b0ec","generated-delete-candidate","System.Object[]"
"production-frontend","C:\DevProjects\f-freedom-stable\Fin-Freedom-Web2 - Copy","??","tmp-production-build/images/about/who-we-are-dark.png","1961433","d60ce3b758b7559762a2b027cd8d5bca902859832d424784c18777010b9e31e3","generated-delete-candidate","System.Object[]"
"production-frontend","C:\DevProjects\f-freedom-stable\Fin-Freedom-Web2 - Copy","??","tmp-production-build/images/about/who-we-are-light.png","1894325","9af888448a61e65484688c6d8d42a6b7ab21d9cb2183fb6a27f193982865fdcb","generated-delete-candidate","System.Object[]"
"production-frontend","C:\DevProjects\f-freedom-stable\Fin-Freedom-Web2 - Copy","??","tmp-production-build/images/about/who-we-are-mobile-dark.png","1975806","4b06d8029b9bd4565f769ca14a3970065df34bf63310f9ea1bc87e8996d0958e","generated-delete-candidate","System.Object[]"
"production-frontend","C:\DevProjects\f-freedom-stable\Fin-Freedom-Web2 - Copy","??","tmp-production-build/images/about/who-we-are-mobile-light.png","1741540","8c4df3764057a1cf91c88c93b3d9675dc52836a4e57b6e38e32ee6c5869d8cbb","generated-delete-candidate","System.Object[]"
"production-frontend","C:\DevProjects\f-freedom-stable\Fin-Freedom-Web2 - Copy","??","tmp-production-build/images/app-grid-bg.png","2928124","88987415d96ce707558b878349c2414686ee50f6757ea9176dd77eae1badfb7f","generated-delete-candidate","System.Object[]"
"production-frontend","C:\DevProjects\f-freedom-stable\Fin-Freedom-Web2 - Copy","??","tmp-production-build/images/community/community-hero-1-dark.png","2392044","0f01750816db7699a7251889e153bad8d37988ffa705d2a229c4be830f84eb77","generated-delete-candidate","System.Object[]"
"production-frontend","C:\DevProjects\f-freedom-stable\Fin-Freedom-Web2 - Copy","??","tmp-production-build/images/community/community-hero-1-light.png","2297820","f43530676e0ce719c9be96830b7eb3e1f6daa308c48f6bc4d44385643a1f1f3a","generated-delete-candidate","System.Object[]"
"production-frontend","C:\DevProjects\f-freedom-stable\Fin-Freedom-Web2 - Copy","??","tmp-production-build/images/community/community-hero-1-mobile-dark.png","2258690","3c41fab62b4d3e14126de95d1ad80473ab32d92129d5fee6b062cebff22e828b","generated-delete-candidate","System.Object[]"
"production-frontend","C:\DevProjects\f-freedom-stable\Fin-Freedom-Web2 - Copy","??","tmp-production-build/images/community/community-hero-1-mobile-light.png","1568518","b8322f20ff4d51b784df559b0e528a7ba0e070e33e602c6fcf5f26f8e8931c21","generated-delete-candidate","System.Object[]"
"production-frontend","C:\DevProjects\f-freedom-stable\Fin-Freedom-Web2 - Copy","??","tmp-production-build/images/community/community-hero-2-dark.png","2208604","b020bd220529dff039cb8702ee6e1501847c52e297c82263db9d8ccf9602a5d6","generated-delete-candidate","System.Object[]"
"production-frontend","C:\DevProjects\f-freedom-stable\Fin-Freedom-Web2 - Copy","??","tmp-production-build/images/community/community-hero-2-light.png","2136794","f6774ffae9618087bc7808dd52a308c8cc989d9f033596eec769b0a055ac3841","generated-delete-candidate","System.Object[]"
"production-frontend","C:\DevProjects\f-freedom-stable\Fin-Freedom-Web2 - Copy","??","tmp-production-build/images/community/community-hero-2-mobile-dark.png","2124594","537b6e18c3dc9fb3e56423a2f7557cfd13d3f2bd2bc58f6e4000105112a2fa52","generated-delete-candidate","System.Object[]"
"production-frontend","C:\DevProjects\f-freedom-stable\Fin-Freedom-Web2 - Copy","??","tmp-production-build/images/community/community-hero-2-mobile-light.png","1830468","32721d7b101a1655d4bf842ef4090e5eeb8dfbb3c6a3b9b97794ff779f290a8c","generated-delete-candidate","System.Object[]"
"production-frontend","C:\DevProjects\f-freedom-stable\Fin-Freedom-Web2 - Copy","??","tmp-production-build/images/f-freedom.jpg","189538","a6789ae3218beeac20ef35b51600c65a87d5725630c2c77842f9102fa3e16b73","generated-delete-candidate","System.Object[]"
"production-frontend","C:\DevProjects\f-freedom-stable\Fin-Freedom-Web2 - Copy","??","tmp-production-build/images/ffc-new-slide.jpg","160953","c232c13226d8f11948aa7e55c56c3e65d6d5476d614f24b3ad3cd68980d0602a","generated-delete-candidate","System.Object[]"
"production-frontend","C:\DevProjects\f-freedom-stable\Fin-Freedom-Web2 - Copy","??","tmp-production-build/images/ffc-new.jpg","160953","c232c13226d8f11948aa7e55c56c3e65d6d5476d614f24b3ad3cd68980d0602a","generated-delete-candidate","System.Object[]"
"production-frontend","C:\DevProjects\f-freedom-stable\Fin-Freedom-Web2 - Copy","??","tmp-production-build/images/ffc-token.png","262167","8a49e4c1a43d3ed2659155161668818cc4df135252ad013f957338fd7d209352","generated-delete-candidate","System.Object[]"
"production-frontend","C:\DevProjects\f-freedom-stable\Fin-Freedom-Web2 - Copy","??","tmp-production-build/images/ffc.png","354770","27dc3135350e33d46c198235ae27ff9fd42001fdbf0b755e6cb4c27e97d186e5","generated-delete-candidate","System.Object[]"
"production-frontend","C:\DevProjects\f-freedom-stable\Fin-Freedom-Web2 - Copy","??","tmp-production-build/images/ffn-marketplace.jpg","136330","09b4f55bd60c8b8936b15ffa8be11e47b300ebd4aad5027f3a90231d02ee9906","generated-delete-candidate","System.Object[]"
"production-frontend","C:\DevProjects\f-freedom-stable\Fin-Freedom-Web2 - Copy","??","tmp-production-build/images/ffreedom/ads/ad-image-1.png","1394906","b8dfd901ca5272767ef8f91e1912a3e7cd3b50853d171d1a0a10b693cdbebd2a","generated-delete-candidate","System.Object[]"
"production-frontend","C:\DevProjects\f-freedom-stable\Fin-Freedom-Web2 - Copy","??","tmp-production-build/images/ffreedom/ads/ad-image-2.png","1645449","c3f9e68264ce15d591d5ae8c438aa6688b79d340e7c2427466aaa42073765a2d","generated-delete-candidate","System.Object[]"
"production-frontend","C:\DevProjects\f-freedom-stable\Fin-Freedom-Web2 - Copy","??","tmp-production-build/images/ffreedom/ads/ad-image-3.png","1520824","dece7d53e92aac6c5a4aa1376810758096df56f8066d9722ad741cbf1e323a5c","generated-delete-candidate","System.Object[]"
"production-frontend","C:\DevProjects\f-freedom-stable\Fin-Freedom-Web2 - Copy","??","tmp-production-build/images/ffreedom/ads/ad-image-4.png","1361222","6d88b982149c9053146751d47b5ba6a5cf3dccc9df3a463e6be290fcc4d54a55","generated-delete-candidate","System.Object[]"
"production-frontend","C:\DevProjects\f-freedom-stable\Fin-Freedom-Web2 - Copy","??","tmp-production-build/images/ffreedom/ads/ad-image-5.png","1281739","fc3ab9011f5106e970843c7827415ffc065aff892be6589e7de9a150a9822a04","generated-delete-candidate","System.Object[]"
"production-frontend","C:\DevProjects\f-freedom-stable\Fin-Freedom-Web2 - Copy","??","tmp-production-build/images/ffreedom/hero-01-dark.png","2022095","c056441ae4501156fc4fbc07b710ec6be33dac0e520050498d7434d8ff21a235","generated-delete-candidate","System.Object[]"
"production-frontend","C:\DevProjects\f-freedom-stable\Fin-Freedom-Web2 - Copy","??","tmp-production-build/images/ffreedom/hero-01-light.png","1969474","b81abe99fc347506fb9d515cc93ae1edd3a76da1ef582eb719155d12b68e61f1","generated-delete-candidate","System.Object[]"
"production-frontend","C:\DevProjects\f-freedom-stable\Fin-Freedom-Web2 - Copy","??","tmp-production-build/images/ffreedom/hero-01-mobile-dark.png","2280163","cc360e735ea705e8cf540b22c4285473fa3632572428befa9b6baa861bc9086d","generated-delete-candidate","System.Object[]"
"production-frontend","C:\DevProjects\f-freedom-stable\Fin-Freedom-Web2 - Copy","??","tmp-production-build/images/ffreedom/hero-01-mobile-light.png","1886071","3a12de995daa7bfe65de95c1f909f0f65767fb0cc2083c1e11709c52b9baffdd","generated-delete-candidate","System.Object[]"
"production-frontend","C:\DevProjects\f-freedom-stable\Fin-Freedom-Web2 - Copy","??","tmp-production-build/images/ffreedom/why-f-freedom-matters-dark.png","1705625","6952b61aaa097e426be9fcb494e3ba8072b839200f6bf49c4261a6138801e52e","generated-delete-candidate","System.Object[]"
"production-frontend","C:\DevProjects\f-freedom-stable\Fin-Freedom-Web2 - Copy","??","tmp-production-build/images/ffreedom/why-f-freedom-matters-light.png","1627141","c223eeae381a363885b58c70b0900a50b5ed1da941988d179ae03e9579507d7f","generated-delete-candidate","System.Object[]"
"production-frontend","C:\DevProjects\f-freedom-stable\Fin-Freedom-Web2 - Copy","??","tmp-production-build/images/ffreedom/why-f-freedom-matters-mobile-dark.png","1453968","006e2ff05d4adaa93d000aabaf19ff2f5e9aee7961551e7f33cab8f6a2995340","generated-delete-candidate","System.Object[]"
"production-frontend","C:\DevProjects\f-freedom-stable\Fin-Freedom-Web2 - Copy","??","tmp-production-build/images/ffreedom/why-f-freedom-matters-mobile-light.png","1387964","62ad901d9bb15339feffbbef4febf6723b5f14ac3a1fe22834c34cb2752295ca","generated-delete-candidate","System.Object[]"
"production-frontend","C:\DevProjects\f-freedom-stable\Fin-Freedom-Web2 - Copy","??","tmp-production-build/images/fgt-new-slide.jpg","168146","95f70649513c6b2cd00343632e191509fec0d3446f421ae3545aa449e3b96921","generated-delete-candidate","System.Object[]"
"production-frontend","C:\DevProjects\f-freedom-stable\Fin-Freedom-Web2 - Copy","??","tmp-production-build/images/fgt-token.png","379520","825c01daf35c58cbebb609dff0d9c46a0e2cb08c999d079fcafcad97650a2098","generated-delete-candidate","System.Object[]"
"production-frontend","C:\DevProjects\f-freedom-stable\Fin-Freedom-Web2 - Copy","??","tmp-production-build/images/fgt.png","377607","be3e7348270757c2abe97a151e636d887316ed9cff34aee1810defe46dbf18d4","generated-delete-candidate","System.Object[]"
"production-frontend","C:\DevProjects\f-freedom-stable\Fin-Freedom-Web2 - Copy","??","tmp-production-build/images/fgtr-new-slide.jpg","177551","d3b4b3b20a269972dc5ef6c2e19dbcf7c370280399b769b06a1bb5a1e840631d","generated-delete-candidate","System.Object[]"
"production-frontend","C:\DevProjects\f-freedom-stable\Fin-Freedom-Web2 - Copy","??","tmp-production-build/images/fgtr-token.png","364017","ec99d64dba8382908f4ef77f213a2fe0b332be85d28f7b57ee76afded8c5c5b9","generated-delete-candidate","System.Object[]"
"production-frontend","C:\DevProjects\f-freedom-stable\Fin-Freedom-Web2 - Copy","??","tmp-production-build/images/fgtr.png","408891","75d6190546fb5f3ffa6943252d61ea211ae5dc02283db96f5724588b33009ef7","generated-delete-candidate","System.Object[]"
"production-frontend","C:\DevProjects\f-freedom-stable\Fin-Freedom-Web2 - Copy","??","tmp-production-build/images/fifth-bg-hero.png","2810866","a3f6c350f12925d29685b5e54a0740f71257578757e5175484f8836500969538","generated-delete-candidate","System.Object[]"
"production-frontend","C:\DevProjects\f-freedom-stable\Fin-Freedom-Web2 - Copy","??","tmp-production-build/images/fin-freedom-institute.jpg","144793","3eddba1e1618645511b047bdf202604aa487600bb7fab8de767221cf61218716","generated-delete-candidate","System.Object[]"
"production-frontend","C:\DevProjects\f-freedom-stable\Fin-Freedom-Web2 - Copy","??","tmp-production-build/images/fin-freedom-plus.jpg","177115","8a1132d8b42e0e9a798e99fd947b174932305baac88a1e08cfb72e0a49ec86f4","generated-delete-candidate","System.Object[]"
"production-frontend","C:\DevProjects\f-freedom-stable\Fin-Freedom-Web2 - Copy","??","tmp-production-build/images/fin-nft-program.jpg","294150","1287f28c4734ee9e8f1ccec015e3e7556feec7e305379b75b2f6a747a731d079","generated-delete-candidate","System.Object[]"
"production-frontend","C:\DevProjects\f-freedom-stable\Fin-Freedom-Web2 - Copy","??","tmp-production-build/images/fourth-bg-hero.png","96332","b0cdc91f5734ee87cb79c39b03c81a23610fd7e96dedeeb8eebbd5ead250a816","generated-delete-candidate","System.Object[]"
"production-frontend","C:\DevProjects\f-freedom-stable\Fin-Freedom-Web2 - Copy","??","tmp-production-build/images/fpt-new-slide.jpg","173265","6ab0b9b8f1150185014a3a2ecbf415fb23f10ee695ae96b156cf7424571f91b4","generated-delete-candidate","System.Object[]"
"production-frontend","C:\DevProjects\f-freedom-stable\Fin-Freedom-Web2 - Copy","??","tmp-production-build/images/fpt.png","355251","cf128561e42a9c6decd2d45727c300ed3142b059e083e4e6457d291fe2d5358b","generated-delete-candidate","System.Object[]"
"production-frontend","C:\DevProjects\f-freedom-stable\Fin-Freedom-Web2 - Copy","??","tmp-production-build/images/fptr-new-slide.jpg","177543","b48494fc85eda6df9b46d6c1196c863c14838b9a7d250bdbce93e55772db647b","generated-delete-candidate","System.Object[]"
"production-frontend","C:\DevProjects\f-freedom-stable\Fin-Freedom-Web2 - Copy","??","tmp-production-build/images/fptr.png","358679","20da1f69e600ba030b55c7ea4e19811ec0b69c9ba55ce843568deb43c63fdfcd","generated-delete-candidate","System.Object[]"
"production-frontend","C:\DevProjects\f-freedom-stable\Fin-Freedom-Web2 - Copy","??","tmp-production-build/images/freedom digital academy.jpg","129701","db3f4f8746a8457bb512dc4ca936a9352714a170417cd93d153640eec382f425","generated-delete-candidate","System.Object[]"
"production-frontend","C:\DevProjects\f-freedom-stable\Fin-Freedom-Web2 - Copy","??","tmp-production-build/images/freedom-leadership-academy.jpg","138093","29cc8ef3854dcdf79da1417f8a09faf3f165c5584a5bf46f35e1e77c81cca6b7","generated-delete-candidate","System.Object[]"
"production-frontend","C:\DevProjects\f-freedom-stable\Fin-Freedom-Web2 - Copy","??","tmp-production-build/images/freedom-plus-program.jpg","147592","15134d0c6cccbd0c654f74543b1d16dca969d5860b9ad060a2420d1e34567d3c","generated-delete-candidate","System.Object[]"
"production-frontend","C:\DevProjects\f-freedom-stable\Fin-Freedom-Web2 - Copy","??","tmp-production-build/images/future-coin.png","242949","b7c974cbf87452f3027a4a107612630aaf053ad6eae7f04a4acc3ce0e4bda00d","generated-delete-candidate","System.Object[]"
"production-frontend","C:\DevProjects\f-freedom-stable\Fin-Freedom-Web2 - Copy","??","tmp-production-build/images/hero-bg.png","793318","9cdc148c51af4281f436fb06938c331b45fc6219eea4a8d00bbc83b50501ec32","generated-delete-candidate","System.Object[]"
"production-frontend","C:\DevProjects\f-freedom-stable\Fin-Freedom-Web2 - Copy","??","tmp-production-build/images/hero-section.jpg","183627","cea9df31099d00f977ce595d06eab4bf70479a3a2968bd5ff92e3971e395ed68","generated-delete-candidate","System.Object[]"
"production-frontend","C:\DevProjects\f-freedom-stable\Fin-Freedom-Web2 - Copy","??","tmp-production-build/images/landing/cards/coin-card-dark.png","2456776","d757bb82ea2ce4628dfaf60a678577ed2271f81f2b0467e5e8420a6b532c952a","generated-delete-candidate","System.Object[]"
"production-frontend","C:\DevProjects\f-freedom-stable\Fin-Freedom-Web2 - Copy","??","tmp-production-build/images/landing/cards/coin-card-light.png","2415638","8d3d3cb2ed523451d494e172f46040d79ef2cb9f9763f43bc8c7747b3024c259","generated-delete-candidate","System.Object[]"
"production-frontend","C:\DevProjects\f-freedom-stable\Fin-Freedom-Web2 - Copy","??","tmp-production-build/images/landing/cards/coin-card-mobile-dark.png","2257020","80d09396b2b73efb369a27fe1e520c02bf8c0070ef5529b23e5eaadfbbf1452b","generated-delete-candidate","System.Object[]"
"production-frontend","C:\DevProjects\f-freedom-stable\Fin-Freedom-Web2 - Copy","??","tmp-production-build/images/landing/cards/coin-card-mobile-light.png","2081686","5f1d48c1a6a7723e65cda3d95095c14d3d0d06ff00304afc2bc4629ff8ea0663","generated-delete-candidate","System.Object[]"
"production-frontend","C:\DevProjects\f-freedom-stable\Fin-Freedom-Web2 - Copy","??","tmp-production-build/images/landing/cards/f-freedom-card-dark.png","1756365","989990ab1f54084dee5763500ecc9b5dc1bef960d78eaa929732a14bb8adab1c","generated-delete-candidate","System.Object[]"
"production-frontend","C:\DevProjects\f-freedom-stable\Fin-Freedom-Web2 - Copy","??","tmp-production-build/images/landing/cards/f-freedom-card-light.png","1773387","dd7a2cb29e4c85e43975966d538597ff1c2c3b1f06273c91f8e3099e34a0e76d","generated-delete-candidate","System.Object[]"
"production-frontend","C:\DevProjects\f-freedom-stable\Fin-Freedom-Web2 - Copy","??","tmp-production-build/images/landing/cards/f-freedom-card-mobile-dark.png","1740372","9038bbab40631cae2f5aca11307bf01ff536fcadf4fc3a0112e83de28b204180","generated-delete-candidate","System.Object[]"
"production-frontend","C:\DevProjects\f-freedom-stable\Fin-Freedom-Web2 - Copy","??","tmp-production-build/images/landing/cards/f-freedom-card-mobile-light.png","1723650","4c006ec2a942033ae19b28a7e36a0744f2378e662d6778bdd3f19eb0466bffe4","generated-delete-candidate","System.Object[]"
"production-frontend","C:\DevProjects\f-freedom-stable\Fin-Freedom-Web2 - Copy","??","tmp-production-build/images/landing/cards/freedom-plus-card-dark.png","1920705","890d72dde1f39d4b8a48bf9462f03e4bc6ac30f3ac532b709843179567b356ec","generated-delete-candidate","System.Object[]"
"production-frontend","C:\DevProjects\f-freedom-stable\Fin-Freedom-Web2 - Copy","??","tmp-production-build/images/landing/cards/freedom-plus-card-light.png","1906340","3428db20ba90fa39d174501fc7e1d64afa06975f63e4380dda582911e38e887b","generated-delete-candidate","System.Object[]"
"production-frontend","C:\DevProjects\f-freedom-stable\Fin-Freedom-Web2 - Copy","??","tmp-production-build/images/landing/cards/freedom-plus-card-mobile-dark.png","1877066","c27bb83c9047e9814a04e6c8fc54267f3a365367dd89f7b373713b226c08a991","generated-delete-candidate","System.Object[]"
"production-frontend","C:\DevProjects\f-freedom-stable\Fin-Freedom-Web2 - Copy","??","tmp-production-build/images/landing/cards/freedom-plus-card-mobile-light.png","1803747","5cefb495b1c6c94725dc5d84b64a8ee180635fe485760878c3bc73f51481f559","generated-delete-candidate","System.Object[]"
"production-frontend","C:\DevProjects\f-freedom-stable\Fin-Freedom-Web2 - Copy","??","tmp-production-build/images/landing/cards/institute-card-dark.png","2314758","e23efa999b8788c30814d0cd593f6b56b582f62a77e2d495cafbbb5e822b4dc4","generated-delete-candidate","System.Object[]"
"production-frontend","C:\DevProjects\f-freedom-stable\Fin-Freedom-Web2 - Copy","??","tmp-production-build/images/landing/cards/institute-card-light.png","1926614","96d0fe78a2aee7ba2d70d7ff623ce7f13449b4ad854cec570190e73a3d121d74","generated-delete-candidate","System.Object[]"
"production-frontend","C:\DevProjects\f-freedom-stable\Fin-Freedom-Web2 - Copy","??","tmp-production-build/images/landing/cards/institute-card-mobile-dark.png","2101799","bb26aad40012b8ccb03ad2d47e70dc8e4037c80f912877fd39829b9109f77002","generated-delete-candidate","System.Object[]"
"production-frontend","C:\DevProjects\f-freedom-stable\Fin-Freedom-Web2 - Copy","??","tmp-production-build/images/landing/cards/institute-card-mobile-light.png","2015737","745de4c43593d15961c47428e17fd32d4431a9935f68f19ce34ff82a07ad4031","generated-delete-candidate","System.Object[]"
"production-frontend","C:\DevProjects\f-freedom-stable\Fin-Freedom-Web2 - Copy","??","tmp-production-build/images/landing/cards/marketplace-card-dark.png","2217699","57ee02152f2f45108d9a9c0b9f5f62efd4d572c6d41d1058653e6d162cf3e601","generated-delete-candidate","System.Object[]"
"production-frontend","C:\DevProjects\f-freedom-stable\Fin-Freedom-Web2 - Copy","??","tmp-production-build/images/landing/cards/marketplace-card-light.png","2426105","e2d802fc2c973182a5f5a08f6348c7b0d28891c96427478784a9a13a63a44a4d","generated-delete-candidate","System.Object[]"
"production-frontend","C:\DevProjects\f-freedom-stable\Fin-Freedom-Web2 - Copy","??","tmp-production-build/images/landing/cards/marketplace-card-mobile-dark.png","2093174","3e07dcc2943b285388ce27e8b5ab0a480acc7c03ee57835db2e279ea2bda86db","generated-delete-candidate","System.Object[]"
"production-frontend","C:\DevProjects\f-freedom-stable\Fin-Freedom-Web2 - Copy","??","tmp-production-build/images/landing/cards/marketplace-card-mobile-light.png","2178893","e28d368e4951abb1eb67e37d769c0d7ff484dce2d5404128a911cc481f7300ae","generated-delete-candidate","System.Object[]"
"production-frontend","C:\DevProjects\f-freedom-stable\Fin-Freedom-Web2 - Copy","??","tmp-production-build/images/landing/cards/nft-card-dark.png","2408368","a24b3fd63e508fd292f5665e6bfdd0eb95a70cc59af29e45ad96d3b1d01db0ca","generated-delete-candidate","System.Object[]"
"production-frontend","C:\DevProjects\f-freedom-stable\Fin-Freedom-Web2 - Copy","??","tmp-production-build/images/landing/cards/nft-card-light.png","2129550","0dafded969163eab7ee34336980c613090d509c81aee41c0c07d8114a523470b","generated-delete-candidate","System.Object[]"
"production-frontend","C:\DevProjects\f-freedom-stable\Fin-Freedom-Web2 - Copy","??","tmp-production-build/images/landing/cards/nft-card-mobile-dark.png","2215520","2bd0c53f86946febeb1fea743ba27ec4d9fceec3d8b0c05f34334db2e37b7f38","generated-delete-candidate","System.Object[]"
"production-frontend","C:\DevProjects\f-freedom-stable\Fin-Freedom-Web2 - Copy","??","tmp-production-build/images/landing/cards/nft-card-mobile-light.png","2066103","0ebfbf2f62605432c100f2b67d71e0296023f0f96398aa172ea4a548743d4a8e","generated-delete-candidate","System.Object[]"
"production-frontend","C:\DevProjects\f-freedom-stable\Fin-Freedom-Web2 - Copy","??","tmp-production-build/images/landing/ecosystem-section-dark.png","1748174","b268b0de9971c4522e76885ec91112bcc4d1a4ffba80a7693a6a92154d6e91c5","generated-delete-candidate","System.Object[]"
"production-frontend","C:\DevProjects\f-freedom-stable\Fin-Freedom-Web2 - Copy","??","tmp-production-build/images/landing/ecosystem-section-light.png","1048967","3239c624b7974884d6bb0d90d318945e8402158c4aa6b0818abc1f6889d3d997","generated-delete-candidate","System.Object[]"
"production-frontend","C:\DevProjects\f-freedom-stable\Fin-Freedom-Web2 - Copy","??","tmp-production-build/images/landing/ecosystem-section-light_files/055e85d8-6ef7-4876-b7cc-050c8abd4a37.png","1958613","a11016cf4dfc82e9e61c98803120ddd20da6750474437c505ce5debccd0e9a43","generated-delete-candidate","System.Object[]"
"production-frontend","C:\DevProjects\f-freedom-stable\Fin-Freedom-Web2 - Copy","??","tmp-production-build/images/landing/ecosystem-section-light_files/0e665683-d93a-4feb-a36e-9723db29c059.png","1588931","311e23cea056c15c84814f11b4a7f10ca9de646618f0edfa16afc045790350a2","generated-delete-candidate","System.Object[]"
"production-frontend","C:\DevProjects\f-freedom-stable\Fin-Freedom-Web2 - Copy","??","tmp-production-build/images/landing/ecosystem-section-light_files/1832b0bf-e31a-478a-822d-840bbef72aff.png","1848746","8628f939dc2487369c50e2dea7e9060668a0fd94ded5376fe37b693ccdf10d35","generated-delete-candidate","System.Object[]"
"production-frontend","C:\DevProjects\f-freedom-stable\Fin-Freedom-Web2 - Copy","??","tmp-production-build/images/landing/ecosystem-section-light_files/2783ab7b-b06e-41d4-812a-6b771d9b532e.png","1995631","baf5dd0192d7e86f95f29822e99054b1428f99c69288f9fd4099a817631bbd77","generated-delete-candidate","System.Object[]"
"production-frontend","C:\DevProjects\f-freedom-stable\Fin-Freedom-Web2 - Copy","??","tmp-production-build/images/landing/ecosystem-section-light_files/287ff8f7-28f7-4b17-8c44-d6c84741e450.png","1934651","a9d3d70bf664f298fa206f6692327a985513168fa75289f573e366d575647cd0","generated-delete-candidate","System.Object[]"
"production-frontend","C:\DevProjects\f-freedom-stable\Fin-Freedom-Web2 - Copy","??","tmp-production-build/images/landing/ecosystem-section-light_files/40face33-c6ad-4a5d-b402-5f7126e8325f.png","450185","347dca8f20826755ac3c57c6c597920fcff083343744998ea17da4603cd2ae31","generated-delete-candidate","System.Object[]"
"production-frontend","C:\DevProjects\f-freedom-stable\Fin-Freedom-Web2 - Copy","??","tmp-production-build/images/landing/ecosystem-section-light_files/5ddb44c4-808e-44c6-94d0-7c66d8306f3b.png","1679596","7bbc7acdabd8b13dd146cf0fd7964e58ddcdbaeda24d025e2b2f8d89b9bb7190","generated-delete-candidate","System.Object[]"
"production-frontend","C:\DevProjects\f-freedom-stable\Fin-Freedom-Web2 - Copy","??","tmp-production-build/images/landing/ecosystem-section-light_files/62dc8d7d-bca7-45b8-b33d-99e4823b84f6.png","1936262","a57a68e1e168a739101255550f101636c0387030ac990c84479d20f5955cd6e0","generated-delete-candidate","System.Object[]"
"production-frontend","C:\DevProjects\f-freedom-stable\Fin-Freedom-Web2 - Copy","??","tmp-production-build/images/landing/ecosystem-section-light_files/85eff526-176b-402e-993d-d80a9333019d.png","1748174","b268b0de9971c4522e76885ec91112bcc4d1a4ffba80a7693a6a92154d6e91c5","generated-delete-candidate","System.Object[]"
"production-frontend","C:\DevProjects\f-freedom-stable\Fin-Freedom-Web2 - Copy","??","tmp-production-build/images/landing/ecosystem-section-light_files/acc2482a-bcfb-4b2f-8108-5770a6efa267.png","1731360","ccdb051f0f542b78ccdb22e51425e53fe7b51fe640dc8cd4e64d71d29f726d27","generated-delete-candidate","System.Object[]"
"production-frontend","C:\DevProjects\f-freedom-stable\Fin-Freedom-Web2 - Copy","??","tmp-production-build/images/landing/ecosystem-section-light_files/agent_3.webp","156474","2b2a3717dc9d6e649b9130ab96722a63d45d54ebac1a306a0bffb3c9edda87b7","generated-delete-candidate","System.Object[]"
"production-frontend","C:\DevProjects\f-freedom-stable\Fin-Freedom-Web2 - Copy","??","tmp-production-build/images/landing/ecosystem-section-light_files/ansi-1f6vhsjh.css","820","481ebe1b07498409031a8eb461f11e4061a86f361b98ef5aba7e5b192cae43d9","generated-delete-candidate","System.Object[]"
"production-frontend","C:\DevProjects\f-freedom-stable\Fin-Freedom-Web2 - Copy","??","tmp-production-build/images/landing/ecosystem-section-light_files/b9c7f408-3b08-4fe2-9adb-f3f90c761325.png","2022095","c056441ae4501156fc4fbc07b710ec6be33dac0e520050498d7434d8ff21a235","generated-delete-candidate","System.Object[]"
"production-frontend","C:\DevProjects\f-freedom-stable\Fin-Freedom-Web2 - Copy","??","tmp-production-build/images/landing/ecosystem-section-light_files/bc134ece-b739-4bf1-9df9-816c8a032f88.png","1733542","7cf27bb9db68f65202c75af6873d78d49038a36814948c69eb8517defc0921e9","generated-delete-candidate","System.Object[]"
"production-frontend","C:\DevProjects\f-freedom-stable\Fin-Freedom-Web2 - Copy","??","tmp-production-build/images/landing/ecosystem-section-light_files/c96648b1-a8c5-4b3d-a1c0-63fa2f8df3b8.png","1486738","c4a2e7cc3c2128524f3132f630b2764668d1f403c20b2cdd6171b7fe32b72090","generated-delete-candidate","System.Object[]"
"production-frontend","C:\DevProjects\f-freedom-stable\Fin-Freedom-Web2 - Copy","??","tmp-production-build/images/landing/ecosystem-section-light_files/code-block-dop2czwo.css","1916","a156be6253a24a697e52d8cf0256d568dc0a1ce10624f9b9d64e0afd68ab75d5","generated-delete-candidate","System.Object[]"
"production-frontend","C:\DevProjects\f-freedom-stable\Fin-Freedom-Web2 - Copy","??","tmp-production-build/images/landing/ecosystem-section-light_files/code-block-viewer-bb2wmqiy.css","962","a00bc4a98d90e7e16aaf4ca6a913a94f85416b93553d15b24e24dfe09f932206","generated-delete-candidate","System.Object[]"
"production-frontend","C:\DevProjects\f-freedom-stable\Fin-Freedom-Web2 - Copy","??","tmp-production-build/images/landing/ecosystem-section-light_files/conversation-small-b0ymmetn(1).css","136295","e273fe37d8891641c449b40d3bfdad889c946ecfa3f6374cb6031f08890b8b45","generated-delete-candidate","System.Object[]"
"production-frontend","C:\DevProjects\f-freedom-stable\Fin-Freedom-Web2 - Copy","??","tmp-production-build/images/landing/ecosystem-section-light_files/conversation-small-b0ymmetn.css","136295","e273fe37d8891641c449b40d3bfdad889c946ecfa3f6374cb6031f08890b8b45","generated-delete-candidate","System.Object[]"
"production-frontend","C:\DevProjects\f-freedom-stable\Fin-Freedom-Web2 - Copy","??","tmp-production-build/images/landing/ecosystem-section-light_files/d3747f01-a820-4105-9c69-2d5505382154.png","1969474","b81abe99fc347506fb9d515cc93ae1edd3a76da1ef582eb719155d12b68e61f1","generated-delete-candidate","System.Object[]"
"production-frontend","C:\DevProjects\f-freedom-stable\Fin-Freedom-Web2 - Copy","??","tmp-production-build/images/landing/ecosystem-section-light_files/dd59a12d-133a-4f59-a555-0fb2c5311656.png","1709990","39a713d62c04ccac0d1ee631c0685da7f67fe064bd66e9a543ff506437e50dab","generated-delete-candidate","System.Object[]"
"production-frontend","C:\DevProjects\f-freedom-stable\Fin-Freedom-Web2 - Copy","??","tmp-production-build/images/landing/ecosystem-section-light_files/fc.png","1516","17226e81514ae9134dc9aca0b882213bbd9a4be41a194e61204aecfd96b37493","generated-delete-candidate","System.Object[]"
"production-frontend","C:\DevProjects\f-freedom-stable\Fin-Freedom-Web2 - Copy","??","tmp-production-build/images/landing/ecosystem-section-light_files/frame.html","264","13ced41fc6672f615528b0cd5c9924e454785cae0f0b4e6cbf94d5e75951a711","generated-delete-candidate","System.Object[]"
"production-frontend","C:\DevProjects\f-freedom-stable\Fin-Freedom-Web2 - Copy","??","tmp-production-build/images/landing/ecosystem-section-light_files/hero-07-dark.png","2901010","7f39aba0dea0ca4633d38f803416f5abe8493b96f838315d16c914e8a069fb1d","generated-delete-candidate","System.Object[]"
"production-frontend","C:\DevProjects\f-freedom-stable\Fin-Freedom-Web2 - Copy","??","tmp-production-build/images/landing/ecosystem-section-light_files/image(1).png","3018271","ad66ed6cd7ec88facb3fe1c516eb1ba5a9ec5a453b9b1f4c1b854239a37e99a2","generated-delete-candidate","System.Object[]"
"production-frontend","C:\DevProjects\f-freedom-stable\Fin-Freedom-Web2 - Copy","??","tmp-production-build/images/landing/ecosystem-section-light_files/image.png","3158800","d01d2cf0c66ae398badfebdd6ec4adda9548b8549af4144520fcd1a2dcf37d8b","generated-delete-candidate","System.Object[]"
"production-frontend","C:\DevProjects\f-freedom-stable\Fin-Freedom-Web2 - Copy","??","tmp-production-build/images/landing/ecosystem-section-light_files/js","473574","f7934eda8d54c0e3a8e83dd648836985c4e401ce908c97f629b97930e00d25e8","generated-delete-candidate","System.Object[]"
"production-frontend","C:\DevProjects\f-freedom-stable\Fin-Freedom-Web2 - Copy","??","tmp-production-build/images/landing/ecosystem-section-light_files/product-variants-ga945uk2.css","572","10be8344d9180d004723456dca77a2c1adfcdc04d7058c1680415c7f286d080b","generated-delete-candidate","System.Object[]"
"production-frontend","C:\DevProjects\f-freedom-stable\Fin-Freedom-Web2 - Copy","??","tmp-production-build/images/landing/ecosystem-section-light_files/root-onk1vy27(1).css","1351700","2bed0d0aeaf416ea4afd314174fcb44af7cefb636570c6706a4a2c3f80f8626f","generated-delete-candidate","System.Object[]"
"production-frontend","C:\DevProjects\f-freedom-stable\Fin-Freedom-Web2 - Copy","??","tmp-production-build/images/landing/ecosystem-section-light_files/root-onk1vy27.css","1351700","2bed0d0aeaf416ea4afd314174fcb44af7cefb636570c6706a4a2c3f80f8626f","generated-delete-candidate","System.Object[]"
"production-frontend","C:\DevProjects\f-freedom-stable\Fin-Freedom-Web2 - Copy","??","tmp-production-build/images/landing/ecosystem-section-light_files/sdk(1).js.download","33807","2f71056be57b05df756862f594d22ae730a38e98885441f987a8fe64faffafae","generated-delete-candidate","System.Object[]"
"production-frontend","C:\DevProjects\f-freedom-stable\Fin-Freedom-Web2 - Copy","??","tmp-production-build/images/landing/ecosystem-section-light_files/sdk.js.download","915","8dc642c043e3b3e5069928e3d90744ceaddae87e4d451a9b2e055a799dd2b9b0","generated-delete-candidate","System.Object[]"
"production-frontend","C:\DevProjects\f-freedom-stable\Fin-Freedom-Web2 - Copy","??","tmp-production-build/images/landing/ecosystem-section-light_files/silk-hq-jrmbfqt7.css","28990","23fc6b891b610ffc75a69f88e581c8a7b665409ac6da8f0f52d4cad6deb80c22","generated-delete-candidate","System.Object[]"
"production-frontend","C:\DevProjects\f-freedom-stable\Fin-Freedom-Web2 - Copy","??","tmp-production-build/images/landing/ecosystem-section-light_files/table-components-ca43bz4f.css","416","d1cb7c27e9f57e5f229bd5e28324659ca328c038b2584a55d283dc011ffa5a18","generated-delete-candidate","System.Object[]"
"production-frontend","C:\DevProjects\f-freedom-stable\Fin-Freedom-Web2 - Copy","??","tmp-production-build/images/landing/ecosystem-section-light_files/writing-block-link-actions-bnm92fv5.css","2259","266da53566d05151e79d9de88067767081fc580fd2e9910f97a760cef5b51646","generated-delete-candidate","System.Object[]"
"production-frontend","C:\DevProjects\f-freedom-stable\Fin-Freedom-Web2 - Copy","??","tmp-production-build/images/landing/ecosystem-section-light_files/writing-block-provider-nvqwdlq3.css","11097","0283c6472ccd6111b72dda37b812013ea41b17e66d9e1dd6890e217a34afa3ee","generated-delete-candidate","System.Object[]"
"production-frontend","C:\DevProjects\f-freedom-stable\Fin-Freedom-Web2 - Copy","??","tmp-production-build/images/landing/ecosystem-section-mobile-dark.png","1733542","7cf27bb9db68f65202c75af6873d78d49038a36814948c69eb8517defc0921e9","generated-delete-candidate","System.Object[]"
"production-frontend","C:\DevProjects\f-freedom-stable\Fin-Freedom-Web2 - Copy","??","tmp-production-build/images/landing/ecosystem-section-mobile-light.png","1588931","311e23cea056c15c84814f11b4a7f10ca9de646618f0edfa16afc045790350a2","generated-delete-candidate","System.Object[]"
"production-frontend","C:\DevProjects\f-freedom-stable\Fin-Freedom-Web2 - Copy","??","tmp-production-build/images/landing/f-freedom-card-dark.png","1935850","4d10c671a14c6ca434ac7aa9185b268d1eceb12a0b1483671536212e59e0c9e5","generated-delete-candidate","System.Object[]"
"production-frontend","C:\DevProjects\f-freedom-stable\Fin-Freedom-Web2 - Copy","??","tmp-production-build/images/landing/hero-01-dark.png","2466072","ae8971f769f8a17ead1f2aa03edd8626fb46dc27f187f107adf1e954ebe1f80f","generated-delete-candidate","System.Object[]"
"production-frontend","C:\DevProjects\f-freedom-stable\Fin-Freedom-Web2 - Copy","??","tmp-production-build/images/landing/hero-01-light.png","2696518","d058ea0ba84840805e59246fecf32f1c0db2deaf699b12bd7af366eec0010cab","generated-delete-candidate","System.Object[]"
"production-frontend","C:\DevProjects\f-freedom-stable\Fin-Freedom-Web2 - Copy","??","tmp-production-build/images/landing/hero-01-mobile-dark.png","1934651","a9d3d70bf664f298fa206f6692327a985513168fa75289f573e366d575647cd0","generated-delete-candidate","System.Object[]"
"production-frontend","C:\DevProjects\f-freedom-stable\Fin-Freedom-Web2 - Copy","??","tmp-production-build/images/landing/hero-01-mobile-light.png","1731360","ccdb051f0f542b78ccdb22e51425e53fe7b51fe640dc8cd4e64d71d29f726d27","generated-delete-candidate","System.Object[]"
"production-frontend","C:\DevProjects\f-freedom-stable\Fin-Freedom-Web2 - Copy","??","tmp-production-build/images/landing/hero-02-dark.png","2560615","9a62b80b8e0e9fcffbdf3914145ff95c8e7bb2e62b0053e07e1ff8fe5ef4fa71","generated-delete-candidate","System.Object[]"
"production-frontend","C:\DevProjects\f-freedom-stable\Fin-Freedom-Web2 - Copy","??","tmp-production-build/images/landing/hero-02-light.png","2800055","d9bfd2ec8defa0e6724429e04ea9fdc31056175a7e6594ba75873de9908eb958","generated-delete-candidate","System.Object[]"
"production-frontend","C:\DevProjects\f-freedom-stable\Fin-Freedom-Web2 - Copy","??","tmp-production-build/images/landing/hero-02-mobile-dark.png","2386631","4ceebbeb6e348fd11fda0161337dbb4551b27c85bd88dc63db660129c7519c4d","generated-delete-candidate","System.Object[]"
"production-frontend","C:\DevProjects\f-freedom-stable\Fin-Freedom-Web2 - Copy","??","tmp-production-build/images/landing/hero-02-mobile-light.png","1909183","d9d55bc0499d76cd2a48e8cbcab60d35fa2abfabfa9a5e91cf262fb1e788bb5b","generated-delete-candidate","System.Object[]"
"production-frontend","C:\DevProjects\f-freedom-stable\Fin-Freedom-Web2 - Copy","??","tmp-production-build/images/landing/hero-03-dark.png","2761852","fc90e6f9b2ebf26ff83cae020dd5709337d519ad4bcf4d5dd44ba5da954b14c5","generated-delete-candidate","System.Object[]"
"production-frontend","C:\DevProjects\f-freedom-stable\Fin-Freedom-Web2 - Copy","??","tmp-production-build/images/landing/hero-03-light.png","2858713","2baf4a2630483cd43561e556af5d91aab8a07677cc912208ca7acc2a32a7c2bd","generated-delete-candidate","System.Object[]"
"production-frontend","C:\DevProjects\f-freedom-stable\Fin-Freedom-Web2 - Copy","??","tmp-production-build/images/landing/hero-03-mobile-dark.png","1936704","854832686f5c64bc0c9b46ee565516e9e966a65fc606d8011d787642c688143e","generated-delete-candidate","System.Object[]"
"production-frontend","C:\DevProjects\f-freedom-stable\Fin-Freedom-Web2 - Copy","??","tmp-production-build/images/landing/hero-03-mobile-light.png","1766086","e120cc81d70d5de53b2db93d660b9da06c34014757256bc59fefda7114109243","generated-delete-candidate","System.Object[]"
"production-frontend","C:\DevProjects\f-freedom-stable\Fin-Freedom-Web2 - Copy","??","tmp-production-build/images/landing/hero-04-dark.png","2879068","b297423410e8423ab8b18046c5873622c293490225efaea82b85a86f25881881","generated-delete-candidate","System.Object[]"
"production-frontend","C:\DevProjects\f-freedom-stable\Fin-Freedom-Web2 - Copy","??","tmp-production-build/images/landing/hero-04-light.png","2881682","a9736e1a51df7e4275460f59ddc9c2c41729e5864e1e9714b41234d09b465caa","generated-delete-candidate","System.Object[]"
"production-frontend","C:\DevProjects\f-freedom-stable\Fin-Freedom-Web2 - Copy","??","tmp-production-build/images/landing/hero-04-mobile-dark.png","1864956","048d03f0927c88f97f6e539a9492e3d28f0e854e0384614c47e4d735c198a101","generated-delete-candidate","System.Object[]"
"production-frontend","C:\DevProjects\f-freedom-stable\Fin-Freedom-Web2 - Copy","??","tmp-production-build/images/landing/hero-04-mobile-light.png","1550472","70d14acd873cbc46682103ff6aeb622dfad72765835ef61e11b9513511743e9a","generated-delete-candidate","System.Object[]"
"production-frontend","C:\DevProjects\f-freedom-stable\Fin-Freedom-Web2 - Copy","??","tmp-production-build/images/landing/hero-05-dark.png","2651206","93c786d1d878bae4dbd17586ef2ec0dc4285361cb3d3182abe0495535af9857c","generated-delete-candidate","System.Object[]"
"production-frontend","C:\DevProjects\f-freedom-stable\Fin-Freedom-Web2 - Copy","??","tmp-production-build/images/landing/hero-05-light.png","2643943","684e637de0bc8b01d4813f4769660c6a99a8deb43385c438cc5a531caabf3dd3","generated-delete-candidate","System.Object[]"
"production-frontend","C:\DevProjects\f-freedom-stable\Fin-Freedom-Web2 - Copy","??","tmp-production-build/images/landing/hero-05-mobile-dark.png","1762683","6506ebf78a994d61e8251a8456b5f65b2ba57dbce337fcfd56fe9e4255cb9631","generated-delete-candidate","System.Object[]"
"production-frontend","C:\DevProjects\f-freedom-stable\Fin-Freedom-Web2 - Copy","??","tmp-production-build/images/landing/hero-05-mobile-light.png","1662835","6ae591d048d45f084f6e7718cc7fe2e3308ded3d976b828f20cc74870dacbec9","generated-delete-candidate","System.Object[]"
"production-frontend","C:\DevProjects\f-freedom-stable\Fin-Freedom-Web2 - Copy","??","tmp-production-build/images/landing/hero-05a-dark.png","2797849","3067dd434dc3f3fc5bb1eb88be924e9d7adaa7eaa1ffc3e7d1c9832d6bc9771b","generated-delete-candidate","System.Object[]"
"production-frontend","C:\DevProjects\f-freedom-stable\Fin-Freedom-Web2 - Copy","??","tmp-production-build/images/landing/hero-05a-light.png","2824302","0236eb15f977ac2b82ca0ba831f6bb0a730324121e986053ab545d4bba817147","generated-delete-candidate","System.Object[]"
"production-frontend","C:\DevProjects\f-freedom-stable\Fin-Freedom-Web2 - Copy","??","tmp-production-build/images/landing/hero-05a-mobile-dark.png","2346977","20d3edca8093d221aa1335c119187459f325dac470f408b34fd1bc2c42c1705d","generated-delete-candidate","System.Object[]"
"production-frontend","C:\DevProjects\f-freedom-stable\Fin-Freedom-Web2 - Copy","??","tmp-production-build/images/landing/hero-05a-mobile-light.png","2524786","4ef114d6787d6f855269330b68f5c74d4cde82efa2c684129320af2bea7eb2a3","generated-delete-candidate","System.Object[]"
"production-frontend","C:\DevProjects\f-freedom-stable\Fin-Freedom-Web2 - Copy","??","tmp-production-build/images/landing/hero-05b-dark.png","2488954","2861a656960f3c7c80b02f31d537d4f54ccfde0c9d4ce8414caa56a7e3f17868","generated-delete-candidate","System.Object[]"
"production-frontend","C:\DevProjects\f-freedom-stable\Fin-Freedom-Web2 - Copy","??","tmp-production-build/images/landing/hero-05b-light.png","2628538","c739530d8f4b33c7024fcafb999a5bd909f93ab07f7d97b82d328bf01cce3509","generated-delete-candidate","System.Object[]"
"production-frontend","C:\DevProjects\f-freedom-stable\Fin-Freedom-Web2 - Copy","??","tmp-production-build/images/landing/hero-05b-mobile-dark.png","2347578","773103433e95434c2ccb0a29170d44efd751ba5fc30157881ccb6eebef171474","generated-delete-candidate","System.Object[]"
"production-frontend","C:\DevProjects\f-freedom-stable\Fin-Freedom-Web2 - Copy","??","tmp-production-build/images/landing/hero-05b-mobile-light.png","2469415","f4daccab456321ec6cb3b4a846c3652c3829f93efd93fcc5473e55bc372fdf2c","generated-delete-candidate","System.Object[]"
"production-frontend","C:\DevProjects\f-freedom-stable\Fin-Freedom-Web2 - Copy","??","tmp-production-build/images/landing/hero-06-dark.png","2542931","034d7a5db9a1523f126b8059ab8cb5182df5cef61d2fd22654b43f21aca633a1","generated-delete-candidate","System.Object[]"
"production-frontend","C:\DevProjects\f-freedom-stable\Fin-Freedom-Web2 - Copy","??","tmp-production-build/images/landing/hero-06-light.png","2218882","b1e7ea802930c4e7628b083a39652087136f000c76bed8fce0befb3858b35d7e","generated-delete-candidate","System.Object[]"
"production-frontend","C:\DevProjects\f-freedom-stable\Fin-Freedom-Web2 - Copy","??","tmp-production-build/images/landing/hero-06-mobile-dark.png","2029066","c2443f35fa48fee4f4b28d772bbbc5b863fe1739c10500d22eb907a6e521e9d7","generated-delete-candidate","System.Object[]"
"production-frontend","C:\DevProjects\f-freedom-stable\Fin-Freedom-Web2 - Copy","??","tmp-production-build/images/landing/hero-06-mobile-light.png","1947707","403b21de66577f3d6537929f20ad59b7dcb4b7ec4dc87f427036621b4d9e8612","generated-delete-candidate","System.Object[]"
"production-frontend","C:\DevProjects\f-freedom-stable\Fin-Freedom-Web2 - Copy","??","tmp-production-build/images/landing/hero-07-dark.png","1972630","5bdbfffa50e9a461a13b799bf218fd2b57d7efc338e5904e902fb607a8241c24","generated-delete-candidate","System.Object[]"
"production-frontend","C:\DevProjects\f-freedom-stable\Fin-Freedom-Web2 - Copy","??","tmp-production-build/images/landing/hero-07-light.png","1843114","60972372c856f274d59bddd35b9c84758074d2aaeb24153072e3e80c7ac23fbd","generated-delete-candidate","System.Object[]"
"production-frontend","C:\DevProjects\f-freedom-stable\Fin-Freedom-Web2 - Copy","??","tmp-production-build/images/landing/hero-07-mobile-dark.png","1679596","7bbc7acdabd8b13dd146cf0fd7964e58ddcdbaeda24d025e2b2f8d89b9bb7190","generated-delete-candidate","System.Object[]"
"production-frontend","C:\DevProjects\f-freedom-stable\Fin-Freedom-Web2 - Copy","??","tmp-production-build/images/landing/hero-07-mobile-light.png","1486738","c4a2e7cc3c2128524f3132f630b2764668d1f403c20b2cdd6171b7fe32b72090","generated-delete-candidate","System.Object[]"
"production-frontend","C:\DevProjects\f-freedom-stable\Fin-Freedom-Web2 - Copy","??","tmp-production-build/images/landing/main-hero-dark.png","2404227","87639581407917df737d52f09f70328fbc7c4736dbacb06a5d7686d97638a821","generated-delete-candidate","System.Object[]"
"production-frontend","C:\DevProjects\f-freedom-stable\Fin-Freedom-Web2 - Copy","??","tmp-production-build/images/landing/main-hero-light.png","2149608","869f3f9d1f8dd155afe91b9e0ad2c38c1a9f6d879b7158209eaf4290307cc594","generated-delete-candidate","System.Object[]"
"production-frontend","C:\DevProjects\f-freedom-stable\Fin-Freedom-Web2 - Copy","??","tmp-production-build/images/landing/main-hero-mobile-dark.png","1650826","8c2c6087e1ee8c71e606670ce36ffb37b0c623437bbd6d4f967e461e9fb6dade","generated-delete-candidate","System.Object[]"
"production-frontend","C:\DevProjects\f-freedom-stable\Fin-Freedom-Web2 - Copy","??","tmp-production-build/images/landing/main-hero-mobile-light.png","1542454","5f40dba6f317b69c0cf2b9705d23fa9e5ca550d71005a5160aea8a714520ec42","generated-delete-candidate","System.Object[]"
"production-frontend","C:\DevProjects\f-freedom-stable\Fin-Freedom-Web2 - Copy","??","tmp-production-build/images/logo.jpg","267248","5f193438d5d660e36d1555f20386ccf020929d38ea1edb50f5a1859714fee1f1","generated-delete-candidate","System.Object[]"
"production-frontend","C:\DevProjects\f-freedom-stable\Fin-Freedom-Web2 - Copy","??","tmp-production-build/images/official_logo.png","48060","6dcc067917d502c861962addd5aa41556669541a205244d51d20125a7a1b5712","generated-delete-candidate","System.Object[]"
"production-frontend","C:\DevProjects\f-freedom-stable\Fin-Freedom-Web2 - Copy","??","tmp-production-build/images/official_logo_2.png","295332","3e1ee24b943c403d0708d3fb842ab31b697d9d078cb567cbb26be0795e755bc9","generated-delete-candidate","System.Object[]"
"production-frontend","C:\DevProjects\f-freedom-stable\Fin-Freedom-Web2 - Copy","??","tmp-production-build/images/official_logo_light.png","231165","28f9e36217e303d731d2db943f5f63e2ff05182de4158efa821de2a407a0e6b8","generated-delete-candidate","System.Object[]"
"production-frontend","C:\DevProjects\f-freedom-stable\Fin-Freedom-Web2 - Copy","??","tmp-production-build/images/program-f-freedom.jpg","122972","df45bd03d1bc29b3e9e956f9ae7696e3fe85b89bbcb43ea9a94bdfd41af0d666","generated-delete-candidate","System.Object[]"
"production-frontend","C:\DevProjects\f-freedom-stable\Fin-Freedom-Web2 - Copy","??","tmp-production-build/images/program-fin-freedom-coin.jpg","179933","8d8cfea72e4ff303589d044467e235031dbcbef1e32d135f9502ffedf69be330","generated-delete-candidate","System.Object[]"
"production-frontend","C:\DevProjects\f-freedom-stable\Fin-Freedom-Web2 - Copy","??","tmp-production-build/images/program-fin-freedom-institute.jpg","216387","6eee58c9ccb00ae49f6e75b77d499f8f170bd9078872a0c766923b13eaeeebe3","generated-delete-candidate","System.Object[]"
"production-frontend","C:\DevProjects\f-freedom-stable\Fin-Freedom-Web2 - Copy","??","tmp-production-build/images/program-fin-freedom-marketplace.jpg","214776","27dd3201b2ca7f0e3eb82389821da51ebd1f74c00898ef6bea644b771fe6f2d5","generated-delete-candidate","System.Object[]"
"production-frontend","C:\DevProjects\f-freedom-stable\Fin-Freedom-Web2 - Copy","??","tmp-production-build/images/program-freedom-nft.jpg","87401","17527b9317227f7624725b05185e57ad6a9b85481203859121804c39273ee29a","generated-delete-candidate","System.Object[]"
"production-frontend","C:\DevProjects\f-freedom-stable\Fin-Freedom-Web2 - Copy","??","tmp-production-build/images/program-freedom-plus.jpg","144571","e85abbf164a096a0538638ff89328bdef94ab42139b09e1091220b4492cf0547","generated-delete-candidate","System.Object[]"
"production-frontend","C:\DevProjects\f-freedom-stable\Fin-Freedom-Web2 - Copy","??","tmp-production-build/images/second-bg-hero.jpg","161652","42dcfd58e93659233c809a3ba3289f355dd4b9a9389be3556c9cfe5384555fd7","generated-delete-candidate","System.Object[]"
"production-frontend","C:\DevProjects\f-freedom-stable\Fin-Freedom-Web2 - Copy","??","tmp-production-build/images/support/img1.jfif","45133","a5da027cd815cf06c256522d8214a1d40bc132ea00b8f4149c2b095a5759dc5b","generated-delete-candidate","System.Object[]"
"production-frontend","C:\DevProjects\f-freedom-stable\Fin-Freedom-Web2 - Copy","??","tmp-production-build/images/support/main-web-logo.png","983508","ad547b0dcb3c1e12c6f1bdc6b43ab715740934d8add43195e1ce39d40b51cabc","generated-delete-candidate","System.Object[]"
"production-frontend","C:\DevProjects\f-freedom-stable\Fin-Freedom-Web2 - Copy","??","tmp-production-build/images/support/support-laptop-dark.png","1536956","1f65a601edd20d842e8c4a6f5e267ad691127d5e0904f671569b1256fd8f7440","generated-delete-candidate","System.Object[]"
"production-frontend","C:\DevProjects\f-freedom-stable\Fin-Freedom-Web2 - Copy","??","tmp-production-build/images/support/support-laptop-light.png","1351382","dd86595a146767e778cc26c14849e05cc874d74b718b80bbb1182d40d13ebc75","generated-delete-candidate","System.Object[]"
"production-frontend","C:\DevProjects\f-freedom-stable\Fin-Freedom-Web2 - Copy","??","tmp-production-build/images/support/support-mobile-dark.png","1335880","5c91a070e4e99bd1d09ca508791b3f31a4ff618700dfc61306705e90fabf2c14","generated-delete-candidate","System.Object[]"
"production-frontend","C:\DevProjects\f-freedom-stable\Fin-Freedom-Web2 - Copy","??","tmp-production-build/images/support/support-mobile-light.png","1069785","02b15faf7586cac19f6123c48416d3f1dc5d3dc0c852864abcc78b577eabedd7","generated-delete-candidate","System.Object[]"
"production-frontend","C:\DevProjects\f-freedom-stable\Fin-Freedom-Web2 - Copy","??","tmp-production-build/images/support/telegram-channel-dark.png","1794376","9d8efc6bf37558e76da7eb58f15980ca14c9b85e40181a01601315c75f8980d9","generated-delete-candidate","System.Object[]"
"production-frontend","C:\DevProjects\f-freedom-stable\Fin-Freedom-Web2 - Copy","??","tmp-production-build/images/support/telegram-channel-light.png","1844716","049a6fbf6e4f30bc6e98e92def83ff5ff63df8e52fc87bb84f35b288d0a17515","generated-delete-candidate","System.Object[]"
"production-frontend","C:\DevProjects\f-freedom-stable\Fin-Freedom-Web2 - Copy","??","tmp-production-build/images/support/telegram-group-dark.png","1754614","6abbb56aac254babb5d9588bd21b180fe56b3cc49e320b1b62921db7466b4fe7","generated-delete-candidate","System.Object[]"
"production-frontend","C:\DevProjects\f-freedom-stable\Fin-Freedom-Web2 - Copy","??","tmp-production-build/images/support/telegram-group-light.png","1884872","f91cdd1b32b8a3440d9b9df8f9454b4043be8ddab9e0bb83db54fefec24957d3","generated-delete-candidate","System.Object[]"
"production-frontend","C:\DevProjects\f-freedom-stable\Fin-Freedom-Web2 - Copy","??","tmp-production-build/images/third-bg-hero.jpg","186013","d3c220311f3f3f64189ed917f14f3f206889d630409fbc68163895a97933b3e9","generated-delete-candidate","System.Object[]"
"production-frontend","C:\DevProjects\f-freedom-stable\Fin-Freedom-Web2 - Copy","??","tmp-production-build/images/title_bar_logo.png","789068","e86674ad3d296d0876378f805e9d18df8536d1367fcc01bb0086db7454bf1be8","generated-delete-candidate","System.Object[]"
"production-frontend","C:\DevProjects\f-freedom-stable\Fin-Freedom-Web2 - Copy","??","tmp-production-build/images/token-hologram-bg.png","1705628","4ec2ea35739c1decac06170591773ae55745f65c32886467916c2de07c15eb0f","generated-delete-candidate","System.Object[]"
"production-frontend","C:\DevProjects\f-freedom-stable\Fin-Freedom-Web2 - Copy","??","tmp-production-build/index.html","860","e24a0617eff756f0130d927951eb0ba8d9f0b73902a859914f542060f443e21c","generated-delete-candidate","System.Object[]"
"production-frontend","C:\DevProjects\f-freedom-stable\Fin-Freedom-Web2 - Copy","??","tmp-production-build/vite.svg","1497","4a748afd443918bb16591c834c401dae33e87861ab5dbad0811c3a3b4a9214fb","generated-delete-candidate","System.Object[]"
"legacy-production-contract","C:\DevProjects\f-freedom-stable\Smart-Contract"," M","contracts/BaseOrbit.sol","54113","72ee51f7db910d6741254b4040ff1b795a3f47567a361c14cad4c1e7d9f38e47","divergent-contract-review","System.Object[]"
"legacy-production-contract","C:\DevProjects\f-freedom-stable\Smart-Contract"," M","contracts/LevelManager.sol","54906","40d41566ccdcda03354ad42499d1cc0689a5e9897d9080aabab0d1c53974988f","divergent-contract-review","System.Object[]"
"legacy-production-contract","C:\DevProjects\f-freedom-stable\Smart-Contract","??","deployments-mainnet/multisig-deployment-1782231317362.json","678","a8f9d742017314974d0cf2d6cb423bd2f47adae84012f1c74b89c41a1b795ae7","divergent-contract-review","System.Object[]"
"legacy-production-contract","C:\DevProjects\f-freedom-stable\Smart-Contract","??","scripts/checkProductionSigner.tmp.js","532","2aacd446c43b848b87ad150883c5ec57ee6d856439de0103c0dac0943375faa1","temporary-diagnostic-review","System.Object[]"
"legacy-production-contract","C:\DevProjects\f-freedom-stable\Smart-Contract","??","test/orbit-viewpoint-matrix.test.js","11918","e65a5746eb33b9540edd2ea279deb1038f91587761dd22f93af922cfd07dc179","divergent-contract-review","System.Object[]"
"staging-monorepo","C:\DevProjects\f-freedom-stable\staging-environment","??","backend/scripts/auditAllProductionP12Topology.tmp.js","6742","1ac837d18aa5c2da1e8e12c979d6b126c93a9b1fb63a59e722c9990043e8689e","temporary-diagnostic-review","System.Object[]"
"staging-monorepo","C:\DevProjects\f-freedom-stable\staging-environment","??","backend/scripts/dropStagingDatabase.tmp.js","1819","58986426cefd4a5d6656a9d6f3ed62c256edf27061439cf6a17c5a5ab4822fcf","temporary-diagnostic-review","System.Object[]"
"staging-monorepo","C:\DevProjects\f-freedom-stable\staging-environment","??","backend/scripts/inspectAccount80Registration.tmp.js","690","a03c0abdc2424b67f0a6d4c3c087a0be18b83e5fc84f431a99f8df05b17dbeb7","temporary-diagnostic-review","System.Object[]"
"staging-monorepo","C:\DevProjects\f-freedom-stable\staging-environment","??","operations/README.md","1140","9ffa81076bce4407c9f4f49159ea6b256e858527e09fe343520c47e7bceb1bc0","manual-review","System.Object[]"
"staging-monorepo","C:\DevProjects\f-freedom-stable\staging-environment","??","scripts/generateFreshRuntimeEnvs.tmp.js","1657","7bdfa3126244abe71bb15f31a321a6212f23831b076f63646b0001eb4a53063e","temporary-diagnostic-review","System.Object[]"
"staging-monorepo","C:\DevProjects\f-freedom-stable\staging-environment","??","scripts/workspace-governance/Export-WorkspaceInventory.ps1","6039","fed1477f3e3792fc5ddcc107b0e871a4f6e3b102b876f6812678d1c576bf4bb9","manual-review","System.Object[]"
"staging-monorepo","C:\DevProjects\f-freedom-stable\staging-environment","??","smart-contract/contracts/migration/AutoUpgradeEscrowWalletReplacementMigrator.sol","2519","6ffa3db3957693db9bce58014b7370fd0e5badf0e4fa0e137c96a30791f6b5a1","canonical-migration-source","System.Object[]"
"staging-monorepo","C:\DevProjects\f-freedom-stable\staging-environment","??","smart-contract/contracts/migration/LevelManagerWalletReplacementMigrator.sol","3745","0b351f9bbf4c32665d8a42b1df00e0b811606257a5cacf57a6e286558b52d0cb","canonical-migration-source","System.Object[]"
"staging-monorepo","C:\DevProjects\f-freedom-stable\staging-environment","??","smart-contract/contracts/migration/OrbitWalletReplacementMigrators.sol","16391","2eb954554ad841569638f8402551b12f669bbd9991b8b90135bfc50b15242c97","canonical-migration-source","System.Object[]"
"staging-monorepo","C:\DevProjects\f-freedom-stable\staging-environment","??","smart-contract/contracts/migration/RegistrationWalletReplacementMigrator.sol","5965","e0c5c92fe16036d25abfd0c482075429b02335ba36d610fdaa0b25592872b40d","canonical-migration-source","System.Object[]"
"staging-monorepo","C:\DevProjects\f-freedom-stable\staging-environment","??","smart-contract/contracts/migration/UtilityTokenWalletReplacementMigrators.sol","2821","fb986b8fdfe6d01c801d1346ee1a7ff145c9eb4baaa77f7a685d0ecd790913d7","canonical-migration-source","System.Object[]"
"staging-monorepo","C:\DevProjects\f-freedom-stable\staging-environment","??","smart-contract/contracts/mocks/LevelManagerWalletReplacementMigratorHarness.sol","805","8142fcb7d2417dd2c7fbc031ca88e43e8213dda5b7a1e70d06792eaa214f2a90","canonical-migration-source","System.Object[]"
"staging-monorepo","C:\DevProjects\f-freedom-stable\staging-environment","??","smart-contract/contracts/mocks/MockMigrationGuardian.sol","198","372b57339b50a0942662f455bdc341fb4ed82fbcd57a11839535ccedcbc894e8","canonical-migration-source","System.Object[]"
"staging-monorepo","C:\DevProjects\f-freedom-stable\staging-environment","??","smart-contract/contracts/mocks/OrbitWalletReplacementMigratorHarnesses.sol","5061","cf5fbfd8320a7672e2bea95d5e272f170b7f1fb371b26a00546abc44a9340322","canonical-migration-source","System.Object[]"
"staging-monorepo","C:\DevProjects\f-freedom-stable\staging-environment","??","smart-contract/contracts/mocks/RegistrationWalletReplacementMigratorHarness.sol","679","aad936fa006e9608f952ef06c901a57c3d0296f019230f12b3c352fd02d91701","canonical-migration-source","System.Object[]"
"staging-monorepo","C:\DevProjects\f-freedom-stable\staging-environment","??","smart-contract/current-p12-reserve-checks.json","5336","3e75cfcde8ff709e2532d30563df001714373b862b25bc3fb3d78ea8a4a85613","manual-review","System.Object[]"
"staging-monorepo","C:\DevProjects\f-freedom-stable\staging-environment","??","smart-contract/current-p12-reserve-requests.json","4880","d81f19274c0d7a6eb7fa6c04688db26fc773322bf525884221a73ed152f8b968","manual-review","System.Object[]"
"staging-monorepo","C:\DevProjects\f-freedom-stable\staging-environment","??","smart-contract/current-p12-reserve-results.json","5821","bb2bcf4a754046dca29db5c255c1d262171f7eca27fc5a7f6f22bba481b73d3c","manual-review","System.Object[]"
"staging-monorepo","C:\DevProjects\f-freedom-stable\staging-environment","??","smart-contract/deployments-production-migration/implementations-1784151638948.json","1971","85cf26bbfe2ba09b87b8dce8335160129315a1e0e68dad997dbc7b556cf856d7","production-audit-evidence-review","System.Object[]"
"staging-monorepo","C:\DevProjects\f-freedom-stable\staging-environment","??","smart-contract/deployments-production-migration/recycle-self-fix-1784540218988.json","1489","abbc7106a4692562c50caf4a4fb1f21ec85c73586ca0269d93c59cfeb28eb7c2","production-audit-evidence-review","System.Object[]"
"staging-monorepo","C:\DevProjects\f-freedom-stable\staging-environment","??","smart-contract/deployments-production-migration/wallet-replacement-migrators-1785787466646.json","2644","eef3ff6cccc7e4abd2433022032a7ceb44e98231501843c82101028e61bc5302","production-audit-evidence-review","System.Object[]"
"staging-monorepo","C:\DevProjects\f-freedom-stable\staging-environment","??","smart-contract/deployments-production-migration/wallet-replacement-migrators-checkpoint.json","2655","47818811b3e1b236fba51707c486ec197391c887a8ae051adfee23cb25a2c55f","production-audit-evidence-review","System.Object[]"
"staging-monorepo","C:\DevProjects\f-freedom-stable\staging-environment","??","smart-contract/legacy-transition-storage-checks.json","918","8e374a97919990496737310de6e3078d4999029d4e0ef604db790d27347d055d","manual-review","System.Object[]"
"staging-monorepo","C:\DevProjects\f-freedom-stable\staging-environment","??","smart-contract/legacy-transition-storage-requests.json","749","93f58563efd2b293c23bee3db7064df4dc69d3d14fb342aea9313068cc27ffb8","manual-review","System.Object[]"
"staging-monorepo","C:\DevProjects\f-freedom-stable\staging-environment","??","smart-contract/migration-audits/WALLET_REPLACEMENT_SURGERY_TRACKER.md","18477","f09b4ba603d8c4c62dae8a592c85597ca7d2a7202deff5651735261324f0dbe4","production-audit-evidence-review","System.Object[]"
"staging-monorepo","C:\DevProjects\f-freedom-stable\staging-environment","??","smart-contract/migration-audits/wallet-migration-chain-state-91313968.json","53906","4b15becef2c1623ec3e97803b774399fc27af5ed1a2e3c3dc7c5830aa24eeada","production-audit-evidence-review","System.Object[]"
"staging-monorepo","C:\DevProjects\f-freedom-stable\staging-environment","??","smart-contract/migration-audits/wallet-replacement-database-dry-run.json","24172","cb6bc694e52e9d4c68c104dd98c48999ecd2db4b8205054d30d5e1590003953b","production-audit-evidence-review","System.Object[]"
"staging-monorepo","C:\DevProjects\f-freedom-stable\staging-environment","??","smart-contract/migration-audits/wallet-replacement-database-execution.json","24172","847aae9c335662e753504bd86e301e9b41ef92a75263cf01d376a9bdcc8f83d7","production-audit-evidence-review","System.Object[]"
"staging-monorepo","C:\DevProjects\f-freedom-stable\staging-environment","??","smart-contract/migration-audits/wallet-replacement-database-impact.json","5531","a4276e46c930ef1c5a90e8812c9adc85cc37b1e82d6865ee6815aaafbd01200d","production-audit-evidence-review","System.Object[]"
"staging-monorepo","C:\DevProjects\f-freedom-stable\staging-environment","??","smart-contract/migration-audits/wallet-replacement-database-projection.json","2700","1935a42b56f260ad0d4790ea2382ae0dc29acf59ce9f6fb45a828766981cd800","production-audit-evidence-review","System.Object[]"
"staging-monorepo","C:\DevProjects\f-freedom-stable\staging-environment","??","smart-contract/migration-audits/wallet-replacement-deployments-verification.json","5486","006e733272925fdfc59e05dabbea39efc743865cc3ba3874087bfba6c4aac7db","production-audit-evidence-review","System.Object[]"
"staging-monorepo","C:\DevProjects\f-freedom-stable\staging-environment","??","smart-contract/migration-audits/wallet-replacement-descendant-chain-check.json","43821","17992cdfc084fad5f3d8a4ea47927f16f7daea09b935b0282509510a4af30c78","production-audit-evidence-review","System.Object[]"
"staging-monorepo","C:\DevProjects\f-freedom-stable\staging-environment","??","smart-contract/migration-audits/wallet-replacement-live-checkpoint.json","14241","2fba7117882baac8e2bc89e3e54d56a78c2df810dcb9a6338dc1dd448567aa05","production-audit-evidence-review","System.Object[]"
"staging-monorepo","C:\DevProjects\f-freedom-stable\staging-environment","??","smart-contract/migration-audits/wallet-replacement-live-final.json","14236","206493f054540de413da7cc18a3e30ea2a9738af49917c8325bb146020e9acd2","production-audit-evidence-review","System.Object[]"
"staging-monorepo","C:\DevProjects\f-freedom-stable\staging-environment","??","smart-contract/migration-audits/wallet-replacement-live-references.json","18014","1abcddde8c73a59582ab25a89d8c040486a390453b2ffad66edde94d521c6604","production-audit-evidence-review","System.Object[]"
"staging-monorepo","C:\DevProjects\f-freedom-stable\staging-environment","??","smart-contract/migration-audits/wallet-replacement-manifest-draft.json","64767","c24ada0646c10df9e620cbe89b403f5238bab76695dbb1ecb7674ef83e45eb6d","production-audit-evidence-review","System.Object[]"
"staging-monorepo","C:\DevProjects\f-freedom-stable\staging-environment","??","smart-contract/migration-audits/wallet-replacement-matrix-storage-verification.json","3558","15300719c46995fa01642c16294d94a6114da9cd11ce7c8166b6643f4d3826f4","production-audit-evidence-review","System.Object[]"
"staging-monorepo","C:\DevProjects\f-freedom-stable\staging-environment","??","smart-contract/migration-audits/wallet-replacement-orbit-index-keys.json","139511","68cbe5e2c5e9f8ed8aa858b24c03f531048450cd78552f0b0cae37a5ea8f2ddc","production-audit-evidence-review","System.Object[]"
"staging-monorepo","C:\DevProjects\f-freedom-stable\staging-environment","??","smart-contract/migration-audits/wallet-replacement-orbit-manifest.json","3002","71bedb16f0d807ac03b3fcbfa8770477ede4933086701974d48bd324357305e3","production-audit-evidence-review","System.Object[]"
"staging-monorepo","C:\DevProjects\f-freedom-stable\staging-environment","??","smart-contract/migration-audits/wallet-replacement-orbit-prestate-91330735.json","86251","7304bf6f993561c5927d2835f5a55d31bc2f0ec35e9dbc65b4285a68ee3654b2","production-audit-evidence-review","System.Object[]"
"staging-monorepo","C:\DevProjects\f-freedom-stable\staging-environment","??","smart-contract/migration-audits/wallet-replacement-orbit-prestate-91387078.json","86251","adaea8a3316c1af468b2ce83efcfa82bd392ebe6f701b5074e0901d623bd4c1e","production-audit-evidence-review","System.Object[]"
"staging-monorepo","C:\DevProjects\f-freedom-stable\staging-environment","??","smart-contract/migration-audits/wallet-replacement-orbit-prestate-91387205.json","86251","18f1e5b7f731dec1a027760c5e1fe213d79bb20bbe4adc1fbe847e3aa97844ab","production-audit-evidence-review","System.Object[]"
"staging-monorepo","C:\DevProjects\f-freedom-stable\staging-environment","??","smart-contract/migration-audits/wallet-replacement-orbit-prestate-latest.json","86251","18f1e5b7f731dec1a027760c5e1fe213d79bb20bbe4adc1fbe847e3aa97844ab","production-audit-evidence-review","System.Object[]"
"staging-monorepo","C:\DevProjects\f-freedom-stable\staging-environment","??","smart-contract/migration-audits/wallet-replacement-orbit-window-verification.json","292","022d2723006c99a93d98ff5a1829fba370c7146fdced14d0631748754aeae74c","production-audit-evidence-review","System.Object[]"
"staging-monorepo","C:\DevProjects\f-freedom-stable\staging-environment","??","smart-contract/migration-audits/wallet-replacement-proposal-submission-checkpoint.json","10483","ed42ebb5b80625573dfc08d595b92f6d0d5696128f0d1ebadc3f729cffeb1773","production-audit-evidence-review","System.Object[]"
"staging-monorepo","C:\DevProjects\f-freedom-stable\staging-environment","??","smart-contract/migration-audits/wallet-replacement-proposal-submission.json","10578","b5e0350470e23a0ba810da4827b6b4cc85cd70f39a66c583d68702eb07dfb551","production-audit-evidence-review","System.Object[]"
"staging-monorepo","C:\DevProjects\f-freedom-stable\staging-environment","??","smart-contract/migration-audits/wallet-replacement-proposal-validation.json","499","379b4dcd283796d5ecb6594f0f168dfc17901b97e6289f39c8ee5bac8371e944","production-audit-evidence-review","System.Object[]"
"staging-monorepo","C:\DevProjects\f-freedom-stable\staging-environment","??","smart-contract/migration-audits/wallet-surgery-source-provenance.json","15733","9b8a95646888dd626887d60c9204c9fbd439245da20e61e88fb57c1ed6b5ba6f","production-audit-evidence-review","System.Object[]"
"staging-monorepo","C:\DevProjects\f-freedom-stable\staging-environment","??","smart-contract/migration-audits/wp98hb-missing-escrow-transaction.json","14739","b7ab8c2ea1af2abca2e4d3cfa0e3b01c1051dfc7e1a5289636b297f106298c94","production-audit-evidence-review","System.Object[]"
"staging-monorepo","C:\DevProjects\f-freedom-stable\staging-environment","??","smart-contract/migration-packages/production-migration-1784151782492.json","63417","3233f1a4032aeffb57bcc7ec64e37ea2081528e18d1141614d0f4c4688f9fdc4","production-audit-evidence-review","System.Object[]"
"staging-monorepo","C:\DevProjects\f-freedom-stable\staging-environment","??","smart-contract/migration-packages/production-migration-1784641905841.json","62780","3093ef2e92c83d66d393f494aa6f613be0fbca7c28486b880d07c992b051cce2","production-audit-evidence-review","System.Object[]"
"staging-monorepo","C:\DevProjects\f-freedom-stable\staging-environment","??","smart-contract/migration-packages/recycle-self-fix-1784544260518.json","3616","7375e94eef7d8317d98903f43ddf4746572870e3abe2e821bd8274e1ee7e0f36","production-audit-evidence-review","System.Object[]"
"staging-monorepo","C:\DevProjects\f-freedom-stable\staging-environment","??","smart-contract/migration-packages/wallet-replacement-1785787833066.json","84064","1e20690c185a4598070981136f2759a679b62d2996d8664fe6f8b70b8e94ba39","production-audit-evidence-review","System.Object[]"
"staging-monorepo","C:\DevProjects\f-freedom-stable\staging-environment","??","smart-contract/migration-packages/wallet-replacement-latest.json","84064","1e20690c185a4598070981136f2759a679b62d2996d8664fe6f8b70b8e94ba39","production-audit-evidence-review","System.Object[]"
"staging-monorepo","C:\DevProjects\f-freedom-stable\staging-environment","??","smart-contract/post-activity-eligibility-checks.json","8183","443ccf2c77d1c57754c9f0ecee397fe376160bca1ef60b9f5b2733f7e6b8f219","manual-review","System.Object[]"
"staging-monorepo","C:\DevProjects\f-freedom-stable\staging-environment","??","smart-contract/post-activity-eligibility-requests.json","9407","d4b48d68c2eff908c7b7377d9f7bc628c14f5ba9de3f3a6a289a668ac7924774","manual-review","System.Object[]"
"staging-monorepo","C:\DevProjects\f-freedom-stable\staging-environment","??","smart-contract/post-activity-eligibility-results.json","7819","c5ab52eb61c30e45e0ad6cba5b13dba5c4565cda0d6583593b88e968e46d4d4e","manual-review","System.Object[]"
"staging-monorepo","C:\DevProjects\f-freedom-stable\staging-environment","??","smart-contract/post-migration-decoded-91535752-v2.json","233914","84170a3c8c6cd4fe5115a79135d1ce13f12b38312bdd64dcb9c7b0c16b04c1db","manual-review","System.Object[]"
"staging-monorepo","C:\DevProjects\f-freedom-stable\staging-environment","??","smart-contract/post-migration-decoded-91535752.json","233596","bda14509581b67df4ccf50d8980f829c23fa9c84a08552b1565818ffb0159be4","manual-review","System.Object[]"
"staging-monorepo","C:\DevProjects\f-freedom-stable\staging-environment","??","smart-contract/post-migration-transactions-91535752.json","1553666","d712968cf6631be819b3edfd85be5ad1f97b33802c664ecd7273c7ab3beeb58f","manual-review","System.Object[]"
"staging-monorepo","C:\DevProjects\f-freedom-stable\staging-environment","??","smart-contract/scripts/auditFounderConfigAndTransfers.tmp.js","4395","fef6aacf18fb7502906481c6875177de34c72167fdf757780c86e1f74f1fd58f","temporary-diagnostic-review","System.Object[]"
"staging-monorepo","C:\DevProjects\f-freedom-stable\staging-environment","??","smart-contract/scripts/auditFounderEarningsWeekly.tmp.js","4445","7be196d0f3fa42fe6d536da043f94016f271cf9d5763282187f3110fef951bb3","temporary-diagnostic-review","System.Object[]"
"staging-monorepo","C:\DevProjects\f-freedom-stable\staging-environment","??","smart-contract/scripts/auditFourWeekFounderEarnings.tmp.js","6740","580f7b9323a386de14e2b536682bc9bb8edd513df2d02e524f7c545db170aa40","temporary-diagnostic-review","System.Object[]"
"staging-monorepo","C:\DevProjects\f-freedom-stable\staging-environment","??","smart-contract/scripts/auditFreshWalletFunding.tmp.js","2413","39d0fd7eae0ad25beb66d67b0af176958b176d8076148a21f4f3e9aba8796416","temporary-diagnostic-review","System.Object[]"
"staging-monorepo","C:\DevProjects\f-freedom-stable\staging-environment","??","smart-contract/scripts/auditId1EntitlementsFourWeeks.tmp.js","9342","55aece157da6c493a3277c5957446e68e9c2cc82655e5d55bba5bbee4f7cc4e5","temporary-diagnostic-review","System.Object[]"
"staging-monorepo","C:\DevProjects\f-freedom-stable\staging-environment","??","smart-contract/scripts/auditLatestProductionActivity.tmp.js","2987","6944bccfe71eed4111a9dc4e346800f2f716cfb319b7f0626f3b003cccc6303b","temporary-diagnostic-review","System.Object[]"
"staging-monorepo","C:\DevProjects\f-freedom-stable\staging-environment","??","smart-contract/scripts/auditLiveProductionMigration.tmp.js","7215","247625db5e960b2c4406af2d1704b0d51086b31bc340bcadbac75377527875c7","temporary-diagnostic-review","System.Object[]"
"staging-monorepo","C:\DevProjects\f-freedom-stable\staging-environment","??","smart-contract/scripts/auditProductionMigrationFinal.tmp.js","4085","324f3bd9b968100fb3cc6f8cc1b36e09a532a1b712ad0b98f9f1bc6c477fda4e","temporary-diagnostic-review","System.Object[]"
"staging-monorepo","C:\DevProjects\f-freedom-stable\staging-environment","??","smart-contract/scripts/auditProductionPreapprovalExecution.tmp.js","3247","e275391b54ca60fe806969c7b809fb312c5cd1ce693b8bc2f8cdd5214dfebaa5","temporary-diagnostic-review","System.Object[]"
"staging-monorepo","C:\DevProjects\f-freedom-stable\staging-environment","??","smart-contract/scripts/auditProductionReferralDepth.tmp.js","5518","7ceb9fbbe0873fcdc6aba09ddf0360296f4435e90ef2bcfaf1e2e210fac469f0","temporary-diagnostic-review","System.Object[]"
"staging-monorepo","C:\DevProjects\f-freedom-stable\staging-environment","??","smart-contract/scripts/auditRegistrationParentMigration.tmp.js","1308","a63c07ce67ba2fed1234c26b22d56a63565ebceb496f4b1577480cf95f36ed4b","temporary-diagnostic-review","System.Object[]"
"staging-monorepo","C:\DevProjects\f-freedom-stable\staging-environment","??","smart-contract/scripts/auditWalletMigrationChainState.tmp.js","9534","896a55a88690b25146ec9cf705aadd3c6459fdfbd24453adb17fd9e1be33565f","temporary-diagnostic-review","System.Object[]"
"staging-monorepo","C:\DevProjects\f-freedom-stable\staging-environment","??","smart-contract/scripts/auditWalletReplacementLiveReferences.tmp.js","5043","55204e70d4ed3fba7431b67a02d9805a5e7697e53c16e255c11b0aabd6bee045","temporary-diagnostic-review","System.Object[]"
"staging-monorepo","C:\DevProjects\f-freedom-stable\staging-environment","??","smart-contract/scripts/auditWalletReplacementOrbitPrestate.tmp.js","5564","8dd7ba242a91738efcbcbde2a470bf7e6b946abbcdad5695b10db981e7fea382","temporary-diagnostic-review","System.Object[]"
"staging-monorepo","C:\DevProjects\f-freedom-stable\staging-environment","??","smart-contract/scripts/auditYesterdayToday.tmp.js","9620","c5c5408ac6e719f72eae4c2c388bfdd307a5b068d5ca2095211bfe69dd62d061","temporary-diagnostic-review","System.Object[]"
"staging-monorepo","C:\DevProjects\f-freedom-stable\staging-environment","??","smart-contract/scripts/buildCurrentP12ReserveCalls.tmp.js","1619","67258c2bc8aac83fba7fbad2edde385ed806959db8da73678a2805e401770808","temporary-diagnostic-review","System.Object[]"
"staging-monorepo","C:\DevProjects\f-freedom-stable\staging-environment","??","smart-contract/scripts/buildLegacyTransitionStorageCalls.tmp.js","1208","de941ee1eaeb817a7d10726e3aabfab7b0303833a4ffc93bc9f1b0c1133334c9","temporary-diagnostic-review","System.Object[]"
"staging-monorepo","C:\DevProjects\f-freedom-stable\staging-environment","??","smart-contract/scripts/buildPostActivityEligibilityCalls.tmp.js","1259","ed58e662906b6f1594f25929052c499bcbd6fd565ee63f02375b5f06a5c0ea65","temporary-diagnostic-review","System.Object[]"
"staging-monorepo","C:\DevProjects\f-freedom-stable\staging-environment","??","smart-contract/scripts/buildProductionRecycleSelfFixPackage.js","3167","ca87b02dc2f17b4631d32f6fa9de465acfc924e732f934a7718d79f0d27d7d38","manual-review","System.Object[]"
"staging-monorepo","C:\DevProjects\f-freedom-stable\staging-environment","??","smart-contract/scripts/buildWalletReplacementManifest.tmp.js","8262","5382df259a5c0a87730edf9318882e0ce4dc05e699238562fd0f2f5e88a5fa34","temporary-diagnostic-review","System.Object[]"
"staging-monorepo","C:\DevProjects\f-freedom-stable\staging-environment","??","smart-contract/scripts/buildWalletReplacementOrbitManifest.tmp.js","3028","9b8f8553808447a6c1da0d002334292b19bedd12f2935e81008de841be77438e","temporary-diagnostic-review","System.Object[]"
"staging-monorepo","C:\DevProjects\f-freedom-stable\staging-environment","??","smart-contract/scripts/buildWalletReplacementProposalPackage.tmp.js","7087","745256dabdae61fe50cec63a7c63d0b543e80cb031395b9d3d30d54173274137","temporary-diagnostic-review","System.Object[]"
"staging-monorepo","C:\DevProjects\f-freedom-stable\staging-environment","??","smart-contract/scripts/checkCurrentMigrationQueue.tmp.js","2927","1c5151743ee8f70b7ec8d9a09a7ab3b44c8e3c7623c1b4988f2c7bb281dbe6fe","temporary-diagnostic-review","System.Object[]"
"staging-monorepo","C:\DevProjects\f-freedom-stable\staging-environment","??","smart-contract/scripts/checkFounderPendingNonce.tmp.js","600","43bc8b8a7e3cad5c31aed84ae37456ef4ee445fd134e90c52dbb5781411f6683","temporary-diagnostic-review","System.Object[]"
"staging-monorepo","C:\DevProjects\f-freedom-stable\staging-environment","??","smart-contract/scripts/checkMigrationQueueFast.tmp.js","1695","c4065bedd4d581a2d85d3fcdd7e1836582d32beb95e973436f10b9ab6661fc35","temporary-diagnostic-review","System.Object[]"
"staging-monorepo","C:\DevProjects\f-freedom-stable\staging-environment","??","smart-contract/scripts/checkPolygonBlockGas.tmp.js","338","6f9d6f1116f4fc2992fd117b28468bfd0a9de322f2f140a64d2e69d5bdc2b80d","temporary-diagnostic-review","System.Object[]"
"staging-monorepo","C:\DevProjects\f-freedom-stable\staging-environment","??","smart-contract/scripts/checkProposal37.tmp.js","1943","f01f92b700985301c7bbe844f75396a48c0e55152e85d72e378cf680dbb8e9c0","temporary-diagnostic-review","System.Object[]"
"staging-monorepo","C:\DevProjects\f-freedom-stable\staging-environment","??","smart-contract/scripts/checkRecycleSelfFixApprovals.tmp.js","998","d9dda0cc161347c8d7207442e2f25ec70e4e302bdd1c3abd65dcdb8d3ef8f29c","temporary-diagnostic-review","System.Object[]"
"staging-monorepo","C:\DevProjects\f-freedom-stable\staging-environment","??","smart-contract/scripts/compareOrbitStorageLayouts.tmp.js","2424","8dfc126726fa6c1aaeb62109df710a7a656220654059d99d5cfaa0656d27d34a","temporary-diagnostic-review","System.Object[]"
"staging-monorepo","C:\DevProjects\f-freedom-stable\staging-environment","??","smart-contract/scripts/decodePostMigrationTransactions.tmp.js","3541","ebc7cdd2b7ce72a89e0f10476dc586a435d84545a90e66e96136b6b9f16323cf","temporary-diagnostic-review","System.Object[]"
"staging-monorepo","C:\DevProjects\f-freedom-stable\staging-environment","??","smart-contract/scripts/deployProductionRecycleSelfFix.js","4501","9ec3072b5f0b70d6a101155d2962434284b992923254a0f6be76d2e2768fd8a0","manual-review","System.Object[]"
"staging-monorepo","C:\DevProjects\f-freedom-stable\staging-environment","??","smart-contract/scripts/deployWalletReplacementMigrators.tmp.js","6594","fc2075406e7538c47bbe3ff0ef242338618d4f4164fd2af553955168973df6fa","temporary-diagnostic-review","System.Object[]"
"staging-monorepo","C:\DevProjects\f-freedom-stable\staging-environment","??","smart-contract/scripts/diagnoseProductionTx21.tmp.js","1688","d32d746f684d3aba6c5547c427102de3af5caa7d092c4244d853efb023def336","temporary-diagnostic-review","System.Object[]"
"staging-monorepo","C:\DevProjects\f-freedom-stable\staging-environment","??","smart-contract/scripts/diagnoseProductionTx8.tmp.js","2351","4c048d8af62cb4ba53b25178430b0b831e845ec55a710e38af214ebb43a984a3","temporary-diagnostic-review","System.Object[]"
"staging-monorepo","C:\DevProjects\f-freedom-stable\staging-environment","??","smart-contract/scripts/estimateMigrationQueueRemaining.tmp.js","1487","a1472559393db9cabeaac7ac0576fd117542550dd0f916fce20ae4c8635e99a8","temporary-diagnostic-review","System.Object[]"
"staging-monorepo","C:\DevProjects\f-freedom-stable\staging-environment","??","smart-contract/scripts/fetchPostMigrationTransactions.tmp.ps1","1101","2728e41254b44ded1708228c0e99d7e8359d0375d2ff01b2897bf9d81bd565a7","temporary-diagnostic-review","System.Object[]"
"staging-monorepo","C:\DevProjects\f-freedom-stable\staging-environment","??","smart-contract/scripts/findProductionUsdtForkFundingSource.tmp.js","2692","204c886eb9a7b3aae647ad42ba675a19e036b7e9de7d44d01d106b197594bb04","temporary-diagnostic-review","System.Object[]"
"staging-monorepo","C:\DevProjects\f-freedom-stable\staging-environment","??","smart-contract/scripts/fundP15.tmp.js","1783","b4093085ae91e5f64e3001064fcc683bff0ab77919e8f300546bb1d2ae13d064","temporary-diagnostic-review","System.Object[]"
"staging-monorepo","C:\DevProjects\f-freedom-stable\staging-environment","??","smart-contract/scripts/inspectAccount80Recycle.tmp.js","2229","80a0d6365dbaddb58552f4e25d657d7ce348eb7dfed234e8e91819905a033806","temporary-diagnostic-review","System.Object[]"
"staging-monorepo","C:\DevProjects\f-freedom-stable\staging-environment","??","smart-contract/scripts/inspectCurrentProductionGovernance.tmp.js","1852","4fa7d4f8cde5fe997621bcb9a5da9d48e41d72b64f952b78733a40003d248e6c","temporary-diagnostic-review","System.Object[]"
"staging-monorepo","C:\DevProjects\f-freedom-stable\staging-environment","??","smart-contract/scripts/inspectEligibilityCandidates.tmp.js","3145","51a15a1ee15392f513575a60e07f3855b796d205f03ab4209c24c75270568e57","temporary-diagnostic-review","System.Object[]"
"staging-monorepo","C:\DevProjects\f-freedom-stable\staging-environment","??","smart-contract/scripts/inspectFounderRecentNonces.tmp.js","729","05ab58ef020b676bce810129ac904a2d63a82eff67acb8381001055d78a40ef7","temporary-diagnostic-review","System.Object[]"
"staging-monorepo","C:\DevProjects\f-freedom-stable\staging-environment","??","smart-contract/scripts/inspectId1CurrentOrbitAccounting.tmp.js","1996","9696809949d0651c5847dc6431850947acc3b5e4ebf47307301465eb96431adb","temporary-diagnostic-review","System.Object[]"
"staging-monorepo","C:\DevProjects\f-freedom-stable\staging-environment","??","smart-contract/scripts/inspectInvalidParentSeeds.tmp.js","1323","3d25b76ce6c28b98e8713a13f0a46d8316ef4a096c7e8d1bbf2e7f3ac5b3df6e","temporary-diagnostic-review","System.Object[]"
"staging-monorepo","C:\DevProjects\f-freedom-stable\staging-environment","??","smart-contract/scripts/inspectLatestProductionTopology.tmp.js","2061","07f8cfecfe63fd446234f34c9aeb749f90951aa27bac2d326063fbb79cf162d9","temporary-diagnostic-review","System.Object[]"
"staging-monorepo","C:\DevProjects\f-freedom-stable\staging-environment","??","smart-contract/scripts/inspectLevel3Placements.tmp.js","7875","5057beb33a117a3170705106790a1c1d88daf25ccfca0e7269f5f0f5fbdf2d4c","temporary-diagnostic-review","System.Object[]"
"staging-monorepo","C:\DevProjects\f-freedom-stable\staging-environment","??","smart-contract/scripts/inspectLevel3SecondCase.tmp.js","1384","ec2f7fb51becba8858c7c39ac9a16686421322e691247a5c01cb491c4585f6bf","temporary-diagnostic-review","System.Object[]"
"staging-monorepo","C:\DevProjects\f-freedom-stable\staging-environment","??","smart-contract/scripts/inspectLevel5ReferralStructure.tmp.js","905","927ab59ecb28751329fec0b3ad4442db8aca463fac91f65f4c6d31c9c2b4bfac","temporary-diagnostic-review","System.Object[]"
"staging-monorepo","C:\DevProjects\f-freedom-stable\staging-environment","??","smart-contract/scripts/inspectLevel6Id1Fallback.tmp.js","3794","b626a518454b6729d1129b117ba2945e0061b12a9f01ceb389b19e9739fa1b85","temporary-diagnostic-review","System.Object[]"
"staging-monorepo","C:\DevProjects\f-freedom-stable\staging-environment","??","smart-contract/scripts/inspectP12Position10Parent.tmp.js","694","2d5ac88225fcc250e538876711376025b48a47d62c544330f2e7f4f4b8d89d10","temporary-diagnostic-review","System.Object[]"
"staging-monorepo","C:\DevProjects\f-freedom-stable\staging-environment","??","smart-contract/scripts/inspectPendingLegacyRecyclePaths.tmp.js","6832","268d139c3097451b811217b7c927a1093dcac4b892c4672275db518a2348200f","temporary-diagnostic-review","System.Object[]"
"staging-monorepo","C:\DevProjects\f-freedom-stable\staging-environment","??","smart-contract/scripts/inspectPostMigrationActivity.tmp.js","2159","324d607da5e232cff9f084cab9fcabd5ea99b1a9ce78fb65e6e4610cb633f170","temporary-diagnostic-review","System.Object[]"
"staging-monorepo","C:\DevProjects\f-freedom-stable\staging-environment","??","smart-contract/scripts/inspectPostMigrationTransactionsDetailed.tmp.js","2822","247437709e1238e312194340becb6f9bb690e5217d4b518a1c879b702ddd0df3","temporary-diagnostic-review","System.Object[]"
"staging-monorepo","C:\DevProjects\f-freedom-stable\staging-environment","??","smart-contract/scripts/inspectProductionPreapprovals.tmp.js","1296","271e523502fb5233e8ac392873c68b5f3a345603302779f1363ac69a529c4300","temporary-diagnostic-review","System.Object[]"
"staging-monorepo","C:\DevProjects\f-freedom-stable\staging-environment","??","smart-contract/scripts/inspectProductionRecycleStorage.tmp.js","1695","04a6b64f0ef4f16ba9353a278a6cb79d137ad3becc059f2a36319e6f55b3ca12","temporary-diagnostic-review","System.Object[]"
"staging-monorepo","C:\DevProjects\f-freedom-stable\staging-environment","??","smart-contract/scripts/inspectProductionRoots.tmp.js","755","84c944576ac435d27c6d7c8fe073e604f95927b637f5343b49821ba58a710cff","temporary-diagnostic-review","System.Object[]"
"staging-monorepo","C:\DevProjects\f-freedom-stable\staging-environment","??","smart-contract/scripts/inspectProductionTestFundingSources.tmp.js","1041","a682b4c061b54b2cfd58d9564583b23377cf2a2f9a6c2d3dd31b3bf59037c02a","temporary-diagnostic-review","System.Object[]"
"staging-monorepo","C:\DevProjects\f-freedom-stable\staging-environment","??","smart-contract/scripts/inspectReferral24S5AS.tmp.js","4699","06dcbaf05aec6eebef9c0b115091b846dd2f032c36c1522210b3b067475403c2","temporary-diagnostic-review","System.Object[]"
"staging-monorepo","C:\DevProjects\f-freedom-stable\staging-environment","??","smart-contract/scripts/inspectThirdProductionCase.tmp.js","1647","8808241845d2ae4d39412fa201e86923a20a08c55cf29f0750fe468d17a92b2a","temporary-diagnostic-review","System.Object[]"
"staging-monorepo","C:\DevProjects\f-freedom-stable\staging-environment","??","smart-contract/scripts/inspectTx49Recycle.tmp.js","7949","dfee700e87a2cd2d1432939e3521cb95b7b4ea805b7ad8cc52a3bbe4abe49050","temporary-diagnostic-review","System.Object[]"
"staging-monorepo","C:\DevProjects\f-freedom-stable\staging-environment","??","smart-contract/scripts/inspectWalletMigrationGas.tmp.js","2339","c9f66b725641ebf93cf0544bf4d7f9ebbd1fee1625fc66b03dadf0afda1448c2","temporary-diagnostic-review","System.Object[]"
"staging-monorepo","C:\DevProjects\f-freedom-stable\staging-environment","??","smart-contract/scripts/inspectWp98hbMissingEscrow.tmp.js","2110","c300095e5b30daa05b78d04fc2914ca4d4f8231e23ee400e8ea1cffb7487feed","temporary-diagnostic-review","System.Object[]"
"staging-monorepo","C:\DevProjects\f-freedom-stable\staging-environment","??","smart-contract/scripts/monitorRegistrationRecovery.tmp.js","3601","ee05f165decf79d573999e54efc5dcc98a0f8972613167a1f2f83238d3686fc3","temporary-diagnostic-review","System.Object[]"
"staging-monorepo","C:\DevProjects\f-freedom-stable\staging-environment","??","smart-contract/scripts/prepareP39FinalWallets.tmp.js","2306","c5bef296ff443834814bf42ee61d6a636f721a03c2ae8b484d66ac6824690f0d","temporary-diagnostic-review","System.Object[]"
"staging-monorepo","C:\DevProjects\f-freedom-stable\staging-environment","??","smart-contract/scripts/probeProductionArchive.tmp.js","2092","ea837b9ec9cc9b0fe292c9ab74e1a8e161a95f8333ce540886d15ed1dd850cd0","temporary-diagnostic-review","System.Object[]"
"staging-monorepo","C:\DevProjects\f-freedom-stable\staging-environment","??","smart-contract/scripts/readProductionHead.tmp.js","344","b3b1ba83397a58b4a8355159eb7763294748e636088430e70e330777de1fb639","temporary-diagnostic-review","System.Object[]"
"staging-monorepo","C:\DevProjects\f-freedom-stable\staging-environment","??","smart-contract/scripts/runFocusedP39RecycleTest.js","9202","c079628c310219c7a37a1d86b32ca6add227e2b849b8804b8ffdf8ee149970bb","manual-review","System.Object[]"
"staging-monorepo","C:\DevProjects\f-freedom-stable\staging-environment","??","smart-contract/scripts/runWalletReplacementForkRehearsal.tmp.js","14317","1c952bce6a2a3bf25e04253fd4b266f5b1177218855b6ca0b177f3fc9dc9b22c","temporary-diagnostic-review","System.Object[]"
"staging-monorepo","C:\DevProjects\f-freedom-stable\staging-environment","??","smart-contract/scripts/scanPostMigrationLogs.tmp.ps1","1637","9f2db47fe3b69bd3b1f0d66402b570e3c4908724b3887dd36f4a1114217f3bd1","temporary-diagnostic-review","System.Object[]"
"staging-monorepo","C:\DevProjects\f-freedom-stable\staging-environment","??","smart-contract/scripts/simulateProposal98Exact.tmp.js","1427","6b542571c2a299561c14821ac2d0ac3fc92da0a7757af99fb0dd707bd5447bf1","temporary-diagnostic-review","System.Object[]"
"staging-monorepo","C:\DevProjects\f-freedom-stable\staging-environment","??","smart-contract/scripts/submitProductionRecycleSelfFixProposal.js","2390","7f37bbb416f208da4e683b5b1a4c19a8d7ac774df51efa8592e8ec91cae0ef74","manual-review","System.Object[]"
"staging-monorepo","C:\DevProjects\f-freedom-stable\staging-environment","??","smart-contract/scripts/submitWalletReplacementProposalPackage.tmp.js","4935","c941b7d469a6b0bb3e69c135af60ebc331cd68dfc39bf38275efd5f9aacdd916","temporary-diagnostic-review","System.Object[]"
"staging-monorepo","C:\DevProjects\f-freedom-stable\staging-environment","??","smart-contract/scripts/syncCandidateAbis.tmp.js","1717","872fc21b45aef2f19f12b34c991c777651c76d7fe864cc0bffb7a9fc1547bfdb","temporary-diagnostic-review","System.Object[]"
"staging-monorepo","C:\DevProjects\f-freedom-stable\staging-environment","??","smart-contract/scripts/traceFounderWalletProposal6.tmp.js","2750","d97e43c72cfdae33cb45fd5a517c52621c3ce482dbae83ae726b6628198b1d33","temporary-diagnostic-review","System.Object[]"
"staging-monorepo","C:\DevProjects\f-freedom-stable\staging-environment","??","smart-contract/scripts/traceWp98hbLevel6Dependencies.tmp.js","3901","ce952d44e2cf51f89e94db131c830ac8f9fa4d82a70cfc05646d0fe9392967ec","temporary-diagnostic-review","System.Object[]"
"staging-monorepo","C:\DevProjects\f-freedom-stable\staging-environment","??","smart-contract/scripts/validateWalletReplacementLayouts.tmp.js","1178","4aa7eb1650a5d7f8f015f4284962a290235a61dcceff0353e8676c0fd22c17fe","temporary-diagnostic-review","System.Object[]"
"staging-monorepo","C:\DevProjects\f-freedom-stable\staging-environment","??","smart-contract/scripts/validateWalletReplacementProposalPackage.tmp.js","5799","30d5baa2647d5ad3cc1e49ddab779b247f0275a34a89d6d515831b0f10b50ec8","temporary-diagnostic-review","System.Object[]"
"staging-monorepo","C:\DevProjects\f-freedom-stable\staging-environment","??","smart-contract/scripts/verifyProductionMigrationProposals.tmp.js","1827","ef26cace2acdc321ab95447ae8c3dcaadb8e56a3c869b5dcdb54c7a7165d2c24","temporary-diagnostic-review","System.Object[]"
"staging-monorepo","C:\DevProjects\f-freedom-stable\staging-environment","??","smart-contract/scripts/verifyProductionPause17.tmp.js","1572","3c98b7bb8af3d10c0dfe55a858cfb5e5a9baee746001caffc648815ff109d0bd","temporary-diagnostic-review","System.Object[]"
"staging-monorepo","C:\DevProjects\f-freedom-stable\staging-environment","??","smart-contract/scripts/verifyProductionRecycleSelfFixDeployments.tmp.js","3251","809e6bd507de9faaec213b9c03b1b1947942ea64243866b01e071928d6d4826a","temporary-diagnostic-review","System.Object[]"
"staging-monorepo","C:\DevProjects\f-freedom-stable\staging-environment","??","smart-contract/scripts/verifyProductionUnpause36.tmp.js","1484","0c3079c60002dd44bd06e14661135913014a8f220f80c36bbdfdfd55066a5179","temporary-diagnostic-review","System.Object[]"
"staging-monorepo","C:\DevProjects\f-freedom-stable\staging-environment","??","smart-contract/scripts/verifyRecycleReceiversFourWeeks.tmp.js","3294","2c7538d8330efd469ac14fced7b7315c7c474a4afa1cd4ac8b811d8901acf315","temporary-diagnostic-review","System.Object[]"
"staging-monorepo","C:\DevProjects\f-freedom-stable\staging-environment","??","smart-contract/scripts/verifyWalletReplacementDeployments.tmp.js","5198","a5c67ae6e6ed4e6511f4b3a5bd9f058ec7288db2750180fa31e64bfa2f7b447a","temporary-diagnostic-review","System.Object[]"
"staging-monorepo","C:\DevProjects\f-freedom-stable\staging-environment","??","smart-contract/scripts/verifyWalletReplacementDescendantEdges.tmp.js","1783","0ca503064fed5bcef8e755ad29e260d50975f9ad86bef9b14d348d247aedf953","temporary-diagnostic-review","System.Object[]"
"staging-monorepo","C:\DevProjects\f-freedom-stable\staging-environment","??","smart-contract/scripts/verifyWalletReplacementLiveCheckpoint.tmp.js","7734","a023fe8e9c0f7a17613fc427e4c4d7feef4786dc5d35e03daa7de847c98bbbc9","temporary-diagnostic-review","System.Object[]"
"staging-monorepo","C:\DevProjects\f-freedom-stable\staging-environment","??","smart-contract/scripts/verifyWalletReplacementMatrixStorage.tmp.js","2582","0c6a93d3fb8ac649ed635628585f784ebc7b6ba30d223a593707def0b119d06d","temporary-diagnostic-review","System.Object[]"
"staging-monorepo","C:\DevProjects\f-freedom-stable\staging-environment","??","smart-contract/scripts/verifyWalletSurgerySourceProvenance.tmp.js","5305","877c41d3d16eb0383e7039aff706b86a6b79115c4f2b68b60ddc47f055c60991","temporary-diagnostic-review","System.Object[]"
"staging-monorepo","C:\DevProjects\f-freedom-stable\staging-environment","??","smart-contract/test-reports/p0-1783950675674.json","1023","a49347956aa727d4287fb1c0cb1bdc8724de639f2fa8508c51a3d3b072e9e4de","production-audit-evidence-review","System.Object[]"
"staging-monorepo","C:\DevProjects\f-freedom-stable\staging-environment","??","smart-contract/test-reports/p0-1783987620297.json","1023","878906b4cabd12d9a6b9ee8ba4c33280da6641097ac38bea5917c520bddd6e71","production-audit-evidence-review","System.Object[]"
"staging-monorepo","C:\DevProjects\f-freedom-stable\staging-environment","??","smart-contract/test-reports/p1-1783950747848.json","1023","09eb774dfefde2a245e2f7e19134c3b1d189a9037714df1fa66b4a8f1306eadf","production-audit-evidence-review","System.Object[]"
"staging-monorepo","C:\DevProjects\f-freedom-stable\staging-environment","??","smart-contract/test-reports/p1-1783987731199.json","1023","55199135e2905f4ce2a69ac835c37cf031dbf76919173e887d44387cabf7e446","production-audit-evidence-review","System.Object[]"
"staging-monorepo","C:\DevProjects\f-freedom-stable\staging-environment","??","smart-contract/test-reports/p10-1783992981568.json","1419","c8b9e624c07dc01335b24766aed4a13711bd28ef82d192fecb6cf3939ab0a3a9","production-audit-evidence-review","System.Object[]"
"staging-monorepo","C:\DevProjects\f-freedom-stable\staging-environment","??","smart-contract/test-reports/p11-1783993128520.json","1029","9b97e090489414b6a89bf7eb5110160d4918d2ed6befab94a266aec4d3531a49","production-audit-evidence-review","System.Object[]"
"staging-monorepo","C:\DevProjects\f-freedom-stable\staging-environment","??","smart-contract/test-reports/p12-1784041258074.json","202223","00f33e30aeb1daaae9b5be93198c6fac8343fc6fddb8809ef22598708e6387c7","production-audit-evidence-review","System.Object[]"
"staging-monorepo","C:\DevProjects\f-freedom-stable\staging-environment","??","smart-contract/test-reports/p12-1784041429192.json","241611","43e999d067117726af18436ee5a0a4753b15d135023e46a0fdb73464fa77a08d","production-audit-evidence-review","System.Object[]"
"staging-monorepo","C:\DevProjects\f-freedom-stable\staging-environment","??","smart-contract/test-reports/p13-1784042124334.json","70578","e9c9c164b96fbf559f50525a590ccc98dbd0c3f8888797d8518727ca49c48347","production-audit-evidence-review","System.Object[]"
"staging-monorepo","C:\DevProjects\f-freedom-stable\staging-environment","??","smart-contract/test-reports/p14-1784044825115.json","36972","0eab09b1c2efb7ff8520308e0634ac4aa2aa941211172685fcad3c50c473eede","production-audit-evidence-review","System.Object[]"
"staging-monorepo","C:\DevProjects\f-freedom-stable\staging-environment","??","smart-contract/test-reports/p15-1784046384461.json","692025","573568e09ab0f82cd9d3f000bf403cfe0fd468f4c384601bc15899e7a8b48442","production-audit-evidence-review","System.Object[]"
"staging-monorepo","C:\DevProjects\f-freedom-stable\staging-environment","??","smart-contract/test-reports/p16-1784049435739.json","1177020","2e27deee5e4278fa486d04058a8803d54006c4f35cdc16ffb8fae50782baf91a","production-audit-evidence-review","System.Object[]"
"staging-monorepo","C:\DevProjects\f-freedom-stable\staging-environment","??","smart-contract/test-reports/p2-1783951546256.json","536581","da1d3b17a957a8091659142479b53ac14cbd4f095f492a6e7e1d8f16da43c804","production-audit-evidence-review","System.Object[]"
"staging-monorepo","C:\DevProjects\f-freedom-stable\staging-environment","??","smart-contract/test-reports/p2-1783952074302.json","537221","6bac285d806a634f554a1b10832401c95a6c062d47cb3df86e8ec04ebe6884bd","production-audit-evidence-review","System.Object[]"
"staging-monorepo","C:\DevProjects\f-freedom-stable\staging-environment","??","smart-contract/test-reports/p2-1783988109732.json","558740","ff9e36641b842653b3e404aba6ff2b1e6e8b3face54529332a11ef4312a3a96b","production-audit-evidence-review","System.Object[]"
"staging-monorepo","C:\DevProjects\f-freedom-stable\staging-environment","??","smart-contract/test-reports/p3-1783885399315.json","162578","798c8ee743f5812aaae49253d29182c81ed1ac54cc58f2d40cc983e7a3253109","production-audit-evidence-review","System.Object[]"
"staging-monorepo","C:\DevProjects\f-freedom-stable\staging-environment","??","smart-contract/test-reports/p3-1783952488429.json","162466","76f1baee878c65b3d2f2c924641f95ab15677486d3caa20faa5d414874b00144","production-audit-evidence-review","System.Object[]"
"staging-monorepo","C:\DevProjects\f-freedom-stable\staging-environment","??","smart-contract/test-reports/p3-1783988550919.json","162637","3b6f2206e8916b2b804000eee5eff3651d1b48fb155cbe470f89e03c07922833","production-audit-evidence-review","System.Object[]"
"staging-monorepo","C:\DevProjects\f-freedom-stable\staging-environment","??","smart-contract/test-reports/p4-1783886037735.json","632730","83d6eab515c80fb81b2f8d3064906aa1ade14841ac728fad25b8af2806b8db19","production-audit-evidence-review","System.Object[]"
"staging-monorepo","C:\DevProjects\f-freedom-stable\staging-environment","??","smart-contract/test-reports/p4-1783953031397.json","605992","89daeb27ca1aed6418e37dd6bb106a56be0adb8bf11bb3d22a199e8e2b163c4e","production-audit-evidence-review","System.Object[]"
"staging-monorepo","C:\DevProjects\f-freedom-stable\staging-environment","??","smart-contract/test-reports/p4-1783989193410.json","645108","529f45d1acd95d5d6632e8f21bf825bcd8ee82aab54f1cf2a0f9c028414271ab","production-audit-evidence-review","System.Object[]"
"staging-monorepo","C:\DevProjects\f-freedom-stable\staging-environment","??","smart-contract/test-reports/p4-1783989269612.json","645405","61e125833aaed4733fd36581f7b34b45dd53aa0261f23af4aacfc785f5452d3f","production-audit-evidence-review","System.Object[]"
"staging-monorepo","C:\DevProjects\f-freedom-stable\staging-environment","??","smart-contract/test-reports/p5-1783957985059.json","744796","7316d4065332ad922e0a4ec815af27b09152cd05f422a34635fb679d4cf8eb50","production-audit-evidence-review","System.Object[]"
"staging-monorepo","C:\DevProjects\f-freedom-stable\staging-environment","??","smart-contract/test-reports/p5-1783991638931.json","699647","415d105b029748cbda290fd51cc37041b5060822c5699c39d89a3c350775410a","production-audit-evidence-review","System.Object[]"
"staging-monorepo","C:\DevProjects\f-freedom-stable\staging-environment","??","smart-contract/test-reports/p6-1783958910735.json","127788","8793f501fab5b85802a60a94c3071562d019ba124e5f0c59c98b932cf3dd9fa4","production-audit-evidence-review","System.Object[]"
"staging-monorepo","C:\DevProjects\f-freedom-stable\staging-environment","??","smart-contract/test-reports/p6-1783991952022.json","106121","a204797e9dee8c8b33ba7a0c409d688e316339ec3ea1ed2efdf6a6f769ac206c","production-audit-evidence-review","System.Object[]"
"staging-monorepo","C:\DevProjects\f-freedom-stable\staging-environment","??","smart-contract/test-reports/p7-1783962414509.json","148464","2010b8be5f2cdea69a620a5ec644e2d9b57d0dc18973e92af519ed8ef33d8f6b","production-audit-evidence-review","System.Object[]"
"staging-monorepo","C:\DevProjects\f-freedom-stable\staging-environment","??","smart-contract/test-reports/p7-1783992096654.json","148702","d4a67ece95f82c799f35f70ea086de47fb6c30995463db62eae78a81eb4b52bc","production-audit-evidence-review","System.Object[]"
"staging-monorepo","C:\DevProjects\f-freedom-stable\staging-environment","??","smart-contract/test-reports/p8-1783992519387.json","1216","87537176df6c25f701bd65f71dd2927058491873d3b7a2683e1812809b594c8d","production-audit-evidence-review","System.Object[]"
"staging-monorepo","C:\DevProjects\f-freedom-stable\staging-environment","??","smart-contract/test-reports/p9-1783992778264.json","40491","b3d751508c809231e32c12578df2390e5042add0ffd511143ca41c8e2278c2bf","production-audit-evidence-review","System.Object[]"
"staging-monorepo","C:\DevProjects\f-freedom-stable\staging-environment","??","smart-contract/test-reports/production-matrix-parent-ledger-90619980.json","145324","7daf24a1fba5f7752e699d9c32436f0251447c826609e9e90669e8b2360109eb","production-audit-evidence-review","System.Object[]"
"staging-monorepo","C:\DevProjects\f-freedom-stable\staging-environment","??","smart-contract/test-reports/production-matrix-parent-ledger-frozen-90322384.json","136093","ab5db25a0e866a47a549fe3b2f9228a8acb6c6b8dea8e171d59dca3e50dfd944","production-audit-evidence-review","System.Object[]"
"staging-monorepo","C:\DevProjects\f-freedom-stable\staging-environment","??","smart-contract/test-reports/production-matrix-parent-ledger-latest.json","145324","d430548306894a858d87daa3a142533377c4aa5520027e2451cd53ff9f3d1f60","production-audit-evidence-review","System.Object[]"
"staging-monorepo","C:\DevProjects\f-freedom-stable\staging-environment","??","smart-contract/test-reports/production-matrix-parent-ledger-rescan.json","136093","3613c551f6d687567fe0e235556ad7d9b912556912d4fa200f16f4800f39d078","production-audit-evidence-review","System.Object[]"
"staging-monorepo","C:\DevProjects\f-freedom-stable\staging-environment","??","smart-contract/test-reports/production-referral-depth-90617494.json","194812","67d463fcf66ddf69395f78b2d437d7258c36d93d0ddcd23721e016f277a826d2","production-audit-evidence-review","System.Object[]"
"staging-monorepo","C:\DevProjects\f-freedom-stable\staging-environment","??","smart-contract/test-reports/production-referral-depth-90617732.json","195762","3c139cfe38bf354f4ae70d13ddfafffc7a3af478c24af0ecbda0b7bc4d042401","production-audit-evidence-review","System.Object[]"
"staging-monorepo","C:\DevProjects\f-freedom-stable\staging-environment","??","smart-contract/test-reports/production-referral-depth-latest.json","195762","3c139cfe38bf354f4ae70d13ddfafffc7a3af478c24af0ecbda0b7bc4d042401","production-audit-evidence-review","System.Object[]"
"staging-monorepo","C:\DevProjects\f-freedom-stable\staging-environment","??","smart-contract/test-reports/production-structural-state-90573542.json","2351261","91eb513ddedd489f585eeff425b7d7acafacf42dfa094d1b8beabcb63e2b8cb1","production-audit-evidence-review","System.Object[]"
"staging-monorepo","C:\DevProjects\f-freedom-stable\staging-environment","??","smart-contract/test-reports/production-structural-state-90573698.json","2442422","f64ab912648c523d2d84195fd026b15758851c6aa95ae882c40f5776f3489fe6","production-audit-evidence-review","System.Object[]"
"staging-monorepo","C:\DevProjects\f-freedom-stable\staging-environment","??","smart-contract/test-reports/production-structural-state-90608891.json","2447962","dc0f5e82c1f51ac66e822e21250f30035bee6ac9f9e773f7469d9be26631ee2b","production-audit-evidence-review","System.Object[]"
"staging-monorepo","C:\DevProjects\f-freedom-stable\staging-environment","??","smart-contract/test-reports/production-structural-state-90617334.json","2447962","ca9ffee09970443ce13512245e73c32caa99c62808661ccdc2b9119597cf119d","production-audit-evidence-review","System.Object[]"
"staging-monorepo","C:\DevProjects\f-freedom-stable\staging-environment","??","smart-contract/test-reports/production-structural-state-90619980.json","2447962","e7ba50e74f189889578ab402c747c166bfc5fd51fa2f58887752e191ea9134ce","production-audit-evidence-review","System.Object[]"
"staging-monorepo","C:\DevProjects\f-freedom-stable\staging-environment","??","smart-contract/test-reports/production-structural-state-latest.json","2447962","0d07f6ef81ecc7b6d2036a5c900fd5bef0512c24d0af48023626d3fe9bccae15","production-audit-evidence-review","System.Object[]"
"staging-monorepo","C:\DevProjects\f-freedom-stable\staging-environment","??","smart-contract/test/wallet-replacement-escrow-migrator.test.js","3000","918d4a2c014f698a306ea3f7bcbd21e51309626bfc4353fa93cf9eebbc08ea68","canonical-migration-test","System.Object[]"
"staging-monorepo","C:\DevProjects\f-freedom-stable\staging-environment","??","smart-contract/test/wallet-replacement-level-manager-migrator.test.js","2643","18caa5b09b238623badf62afe2752f0110470e7aea2d5b212b379fcf2e2fa474","canonical-migration-test","System.Object[]"
"staging-monorepo","C:\DevProjects\f-freedom-stable\staging-environment","??","smart-contract/test/wallet-replacement-orbit-chain-replay.test.js","5506","b56b7b069ddd390d1c965096ba4cf4b888e3ba26ad4c26e48986e6048e7be3a6","canonical-migration-test","System.Object[]"
"staging-monorepo","C:\DevProjects\f-freedom-stable\staging-environment","??","smart-contract/test/wallet-replacement-orbit-migrators.test.js","6536","e948fe6bb782924f50f64ea838a6f405a280f41cdbc0fe47c7ea0a04b9eda878","canonical-migration-test","System.Object[]"
"staging-monorepo","C:\DevProjects\f-freedom-stable\staging-environment","??","smart-contract/test/wallet-replacement-registration-migrator.test.js","5861","4a497eed863dd021cfc2f470c926936bed29cf31a341f4c22b934d5d1d1906a4","canonical-migration-test","System.Object[]"
"staging-monorepo","C:\DevProjects\f-freedom-stable\staging-environment","??","smart-contract/test/wallet-replacement-token-migrators.test.js","3384","25957902bd7791fcfd0890636fd3062f00125776ce5e39d72ef0be0ed88e1a53","canonical-migration-test","System.Object[]"
"staging-monorepo","C:\DevProjects\f-freedom-stable\staging-environment","??","testNote.txt","492","dfa720d17f2bf3e4cbd0fd3200d925e84eaa606c516cf1b1eda3b041ac3b476f","manual-review","System.Object[]"
